unitid,institution name,Logo,PubPriv,year,Tuition_InState,Tuition_OutState,Rev_Tuition,Rev_Govt,Rev_PrivGGG,Rev_Endow,Rev_Other,Rev_Total,Exp_Instruction,Exp_Research,Exp_Scholarship,Exp_Admin,Exp_Other,Exp_Total,Enrollment,Faculty,NonFaculty
107080,Hendrix College,http://i.forbesimg.com/media/lists/colleges/hendrix-college_50x50.jpg,Private,1993,8410,8410,7315891,1265192,1224312,3207809,3577083,13013204,4999648,121686,2083583,3485998,5618349,16309264,954,65,150
110404,California Institute of Technology,http://i.forbesimg.com/media/lists/colleges/california-institute-of-technology_50x50.jpg,Private,1993,16030,16030,29522000,134847000,37627000,21948000,1101234000,223944000,79565000,82301000,15303000,45128000,1113839000,1336136000,900,367,1681
110422,California Polytechnic State University-San Luis Obispo,http://i.forbesimg.com/media/lists/colleges/california-polytechnic-state-university-san-luis-obispo_50x50.jpg,Public,1993,1674,9054,30027372,110180080,1723060,255608,14975727,142186120,73319002,0,9975020,51938573,21915486,157148081,14315,688,844
110635,University of California-Berkeley,http://i.forbesimg.com/media/lists/colleges/university-of-california-berkeley_50x50.jpg,Public,1993,3969,11668,144967000,528780000,68181000,0,100485000,741928000,248770000,207734000,70831000,177479000,134460000,839274000,21577,2219,5668
110644,University of California-Davis,http://i.forbesimg.com/media/lists/colleges/university-of-california-davis_50x50.jpg,Public,1993,3712,11411,83691000,416710000,38596000,0,540909000,538997000,210920000,162267000,35042000,130810000,469361000,1008400000,17220,2149,3982
110653,University of California-Irvine,http://i.forbesimg.com/media/lists/colleges/university-of-california-irvine_50x50.jpg,Public,1993,3704,11403,65936000,235233000,25172000,0,313756000,326341000,173902000,77103000,27383000,88352000,240402000,607142000,13404,1335,3501
110662,University of California-Los Angeles,http://i.forbesimg.com/media/lists/colleges/university-of-california-los-angeles_50x50.jpg,Public,1993,3548,11247,161706000,669186000,96840000,0,770429000,927732000,432228000,249822000,75705000,253513000,653457000,1664725000,22892,2885,9096
110680,University of California-San Diego,http://i.forbesimg.com/media/lists/colleges/university-of-california-san-diego_50x50.jpg,Public,1993,3645,11346,74576000,432597000,54568000,0,448847000,561741000,187217000,222972000,36896000,125029000,382554000,954668000,14360,1726,5897
110705,University of California-Santa Barbara,http://i.forbesimg.com/media/lists/colleges/university-of-california-santa-barbara_50x50.jpg,Public,1993,3617,11315,70206000,191190000,12043000,0,53092000,273439000,99503000,53895000,25206000,72212000,68734000,319550000,16331,914,2040
115409,Harvey Mudd College,http://i.forbesimg.com/media/lists/colleges/harvey-mudd-college_50x50.jpg,Private,1993,16410,16410,9752446,1605932,4187920,2232354,3958576,17778652,7137671,1881681,2780469,6451163,4134075,22385059,659,68,435
117946,Loyola Marymount University,http://i.forbesimg.com/media/lists/colleges/loyola-marymount-university_50x50.jpg,Private,1993,12933,12933,72211187,5278590,6359420,5786369,13573862,89635566,32941060,83700,15007629,33727299,18998097,100757785,3994,316,560
120254,Occidental College,http://i.forbesimg.com/media/lists/colleges/occidental-college_50x50.jpg,Private,1993,16182,16182,25048745,2798504,5180416,8190204,9837266,41217869,12055393,2240644,9947500,14344370,13270517,51858424,1621,139,356
121150,Pepperdine University,http://i.forbesimg.com/media/lists/colleges/pepperdine-university_50x50.jpg,Private,1993,17260,17260,98712912,4647462,6181363,2718686,17749425,112260423,34645133,0,25934933,44294385,16088246,120962697,3113,271,791
121257,Pitzer College,http://i.forbesimg.com/media/lists/colleges/pitzer-college_50x50.jpg,Private,1993,18198,18198,13225850,816543,1244488,2233096,4148909,17519977,6673266,189550,4060179,4634673,5746051,21303719,861,59,93
121345,Pomona College,http://i.forbesimg.com/media/lists/colleges/pomona-college_50x50.jpg,Private,1993,16720,16720,24071167,1429961,6031841,8720392,10688889,40253361,13584383,1096101,8670752,17294046,11095979,51741261,1500,161,580
122931,Santa Clara University,http://i.forbesimg.com/media/lists/colleges/santa-clara-university_50x50.jpg,Private,1993,12879,12879,78731000,4846000,6201000,5289000,21112000,95067000,32966000,1538000,20078000,34423000,20512000,109517000,4019,328,623
123165,Scripps College,http://i.forbesimg.com/media/lists/colleges/scripps-college_50x50.jpg,Private,1993,16550,16550,10159849,520865,1940277,2477610,4417771,15098601,5793362,9334,3735040,5359037,4536570,19433343,576,56,2648
123961,University of Southern California,http://i.forbesimg.com/media/lists/colleges/university-of-southern-california_50x50.jpg,Private,1993,16810,16810,369242000,187962000,73593000,34777000,265114657,665574000,265327145,139681000,99192284,123063059,273317797,900581285,14688,2565,5694
125727,Westmont College,http://i.forbesimg.com/media/lists/colleges/westmont-college_50x50.jpg,Private,1993,13660,13660,15024861,644097,2170252,339656,8987258,18178866,5708695,47302,5081931,5903207,8853808,25594943,1285,73,151
126614,University of Colorado Boulder,http://i.forbesimg.com/media/lists/colleges/university-of-colorado-at-boulder_50x50.jpg,Public,1993,2574,12080,143838435,178293314,21713287,338961,96410569,344183997,120467952,99728623,21635001,85776005,73970397,401577978,21725,1815,2209
126678,Colorado College,http://i.forbesimg.com/media/lists/colleges/colorado-college_50x50.jpg,Private,1993,15942,15942,29986161,1596022,3707092,6919651,9187115,42208926,15577247,110109,9031524,12871418,12344194,49934492,1899,147,344
126775,Colorado School of Mines,http://i.forbesimg.com/media/lists/colleges/colorado-school-of-mines_50x50.jpg,Public,1993,4366,11962,18421398,24038015,9596057,0,4964450,52055470,20105454,12035644,6019333,10401355,9119055,57680841,2794,177,284
127060,University of Denver,http://i.forbesimg.com/media/lists/colleges/university-of-denver_50x50.jpg,Private,1993,14472,14472,84449892,15269498,7707961,2624913,15742765,110052264,41730335,10630913,18185909,28372660,20029574,118949391,3410,406,896
128328,United States Air Force Academy,http://i.forbesimg.com/media/lists/colleges/united-states-air-force-academy_50x50.jpg,Private,1993,0,0,0,249518691,0,0,59977201,249518691,77253193,149052,41271829,77634795,111187952,307496821,4239,17,1779
128902,Connecticut College,http://i.forbesimg.com/media/lists/colleges/connecticut-college_50x50.jpg,Private,1993,18130,18130,29131804,2704065,4554349,2372332,12157710,38762550,13282928,700178,7992951,13723938,14075035,49775030,1862,175,402
129020,University of Connecticut,http://i.forbesimg.com/media/lists/colleges/university-of-connecticut_50x50.jpg,Public,1993,4290,11410,88123776,169403503,14305980,490166,89027788,272323425,106291185,54885514,22291975,82535656,88895316,354899646,15492,1093,2622
130590,Trinity College,http://i.forbesimg.com/media/lists/colleges/trinity-college_50x50.jpg,Private,1993,17950,17950,37023149,2159611,3695905,7501500,11052653,50380165,19238136,510132,9289284,15316386,13812108,58166046,1981,166,322
130624,United States Coast Guard Academy,http://i.forbesimg.com/media/lists/colleges/united-states-coast-guard-academy_50x50.jpg,Private,1993,0,0,0,43225757,442051,0,6375982,43667808,12194884,242211,38670,22564749,13834325,48874839,930,43,107
130697,Wesleyan University,http://i.forbesimg.com/media/lists/colleges/wesleyan-university_50x50.jpg,Private,1993,18150,18150,50855000,8733000,6043000,10114000,16614000,75745000,30882000,9049000,13223000,18118000,17569000,88841000,2741,261,530
130794,Yale University,http://i.forbesimg.com/media/lists/colleges/yale-university_50x50.jpg,Private,1993,18630,18630,168481923,208347689,98027461,103038344,244911085,577895417,296010144,151819744,87899694,137218786,152523106,825471474,5300,2358,5346
130943,University of Delaware,http://i.forbesimg.com/media/lists/colleges/university-of-delaware_50x50.jpg,Public,1993,3948,10048,129069451,112709249,18521404,21444864,73519576,281744968,129873661,39062846,22909711,55386671,81595708,328828597,18652,901,2369
131159,American University,http://i.forbesimg.com/media/lists/colleges/american-university_50x50.jpg,Private,1993,15386,15386,136475000,8248000,4720000,861000,28975000,150304000,53038000,5393000,32710000,47407000,27425000,165973000,5418,573,1139
131469,George Washington University,http://i.forbesimg.com/media/lists/colleges/george-washington-university_50x50.jpg,Private,1993,16988,16988,215829061,39331236,15376715,13277282,392808928,283814294,114324586,32925423,47158413,73960405,380009381,648378208,6941,1070,5013
131496,Georgetown University,http://i.forbesimg.com/media/lists/colleges/georgetown-university_50x50.jpg,Private,1993,17586,17586,187848000,90127000,43656000,11729000,415426000,333360000,116038000,56589000,34171000,92294000,423618000,722710000,6287,1248,6224
134130,University of Florida,http://i.forbesimg.com/media/lists/colleges/university-of-florida_50x50.jpg,Public,1993,1770,6890,79356900,497811463,131891443,25521,107049116,709085327,261594305,232761705,27745361,115273435,180922618,818297424,27756,3159,7505
135726,University of Miami,http://i.forbesimg.com/media/lists/colleges/university-of-miami_50x50.jpg,Private,1993,15880,15880,207587194,178617358,38136285,11164055,293956004,435504892,150683175,78678935,62584632,73863692,326856927,692667361,8636,1800,4852
139755,Georgia Institute of Technology-Main Campus,http://i.forbesimg.com/media/lists/colleges/georgia-institute-of-technology-main-campus_50x50.jpg,Public,1993,2277,6765,40936347,215022829,47056026,2004198,42515893,305019400,80538355,134286902,11442791,53480177,63839190,343587415,9182,689,2853
139959,University of Georgia,http://i.forbesimg.com/media/lists/colleges/university-of-georgia_50x50.jpg,Public,1993,2250,5940,71363483,367082353,30859926,1410600,70153746,470716362,113788221,141102414,19105833,88216703,170530417,532743588,22301,1940,6202
144050,University of Chicago,http://i.forbesimg.com/media/lists/colleges/university-of-chicago_50x50.jpg,Private,1993,18207,18207,178997530,131941599,61975619,41693620,813513432,414608368,292054953,91067906,68805806,77187598,706683787,1235800050,3379,1182,4658
145637,University of Illinois at Urbana-Champaign,http://i.forbesimg.com/media/lists/colleges/university-of-illinois-at-urbana-champaign_50x50.jpg,Public,1993,3506,8018,115736767,473182261,69096313,2362032,149875121,660377373,178850675,201968225,60586308,108834260,239529150,789768618,27759,2378,6784
146427,Knox College,http://i.forbesimg.com/media/lists/colleges/knox-college_50x50.jpg,Private,1993,14955,14955,12469596,1351871,2648057,1679019,4202871,18148543,6198774,0,5274802,6205405,4268214,21947195,990,85,191
147767,Northwestern University,http://i.forbesimg.com/media/lists/colleges/northwestern-university_50x50.jpg,Private,1993,15804,15804,256150000,98199000,57139000,38928000,197940000,450416000,289291000,109095000,76782000,68942000,85790000,629900000,9689,1751,3161
149781,Wheaton College,http://i.forbesimg.com/media/lists/colleges/wheaton-college-il_50x50.jpg,Private,1993,10640,10640,26292802,1682883,6776102,3899941,13116339,38651728,13920884,0,7188157,15595131,13599937,50304109,2256,170,392
150400,DePauw University,http://i.forbesimg.com/media/lists/colleges/depauw-university_50x50.jpg,Private,1993,13700,13700,29662486,1618209,8578644,2471878,6857095,42331217,11885503,163071,10213642,11717750,7351935,41331901,1983,160,362
150455,Earlham College,http://i.forbesimg.com/media/lists/colleges/earlham-college_50x50.jpg,Private,1993,15327,15327,16144422,1452620,2701530,4450903,5636212,24749475,7996034,509938,6984260,7941123,6219190,29650545,1041,73,260
151351,Indiana University-Bloomington,http://i.forbesimg.com/media/lists/colleges/indiana-university-bloomington_50x50.jpg,Public,1993,2988,9186,160925292,231318902,24191347,840295,231369742,417275836,183179312,44057942,43018019,95376071,205311242,570942586,27480,1790,4872
152080,University of Notre Dame,http://i.forbesimg.com/media/lists/colleges/university-of-notre-dame_50x50.jpg,Private,1993,15810,15810,139045881,31547890,34185578,19221246,100967082,224000595,83947303,23657251,36941247,53552693,102176476,300274970,7701,644,2706
152673,Wabash College,http://i.forbesimg.com/media/lists/colleges/wabash-college_50x50.jpg,Private,1993,12450,12450,8685255,877581,2650005,9382669,2169041,21595510,5387938,420487,6356648,6789249,4440449,23394771,806,82,146
153269,Drake University,http://i.forbesimg.com/media/lists/colleges/drake-university_50x50.jpg,Private,1993,12780,12780,58426099,9151929,5691607,2617116,14930402,75886751,27715797,129366,19876095,17814471,22178803,87714532,4056,285,707
153384,Grinnell College,http://i.forbesimg.com/media/lists/colleges/grinnell-college_50x50.jpg,Private,1993,15368,15368,18078826,765848,3565303,12800000,6601324,35209977,10822739,255389,8099483,12958614,8772051,40908276,1363,153,297
153658,University of Iowa,http://i.forbesimg.com/media/lists/colleges/university-of-iowa_50x50.jpg,Public,1993,2352,7740,88410898,320667131,40895291,916223,533349363,450889543,182788690,104086164,34132990,101782718,547845229,970635791,18441,1769,5236
156408,Centre College,http://i.forbesimg.com/media/lists/colleges/centre-college_50x50.jpg,Private,1993,11600,11600,9790528,498740,2304101,3093893,5297984,15687262,5844434,0,4077143,6027930,4903067,20852574,908,75,164
157818,Transylvania University,http://i.forbesimg.com/media/lists/colleges/transylvania-university_50x50.jpg,Private,1993,10670,10670,9053977,491236,1054908,4876552,3547463,15476673,3433123,0,4597949,6009454,4651292,18691818,918,64,132
160755,Tulane University of Louisiana,http://i.forbesimg.com/media/lists/colleges/tulane-university-of-louisiana_50x50.jpg,Private,1993,18760,18760,158377000,76299000,29270000,7609000,262422000,271555000,120494000,34573000,61295000,48030000,261060000,525452000,6475,941,2881
160959,College of the Atlantic,http://i.forbesimg.com/media/lists/colleges/college-of-the-atlantic_50x50.jpg,Private,1993,13287,13287,2685607,281768,1075638,116003,267732,4159016,963422,118550,612883,2207274,460725,4362854,217,15,176
160977,Bates College,http://i.forbesimg.com/media/lists/colleges/bates-college_50x50.jpg,Private,1993,23990,23990,28756556,1004119,2081035,4512063,8412683,36353773,11050918,204473,6162656,13861907,11396724,42676678,1599,133,456
161004,Bowdoin College,http://i.forbesimg.com/media/lists/colleges/bowdoin-college_50x50.jpg,Private,1993,18300,18300,25121000,1548000,4134000,5858000,11016000,36661000,12619000,311000,7066000,16662000,12631000,49289000,1498,141,425
161086,Colby College,http://i.forbesimg.com/media/lists/colleges/colby-college_50x50.jpg,Private,1993,17840,17840,32848000,1286000,2631000,3477000,14277000,40242000,13953000,315000,7246000,14111000,14137000,49762000,1755,174,314
162928,Johns Hopkins University,http://i.forbesimg.com/media/lists/colleges/johns-hopkins-university_50x50.jpg,Private,1993,17900,17900,157090000,339353000,166384000,34616000,616525000,697443000,428807000,195160000,49103000,109345000,520111000,1302526000,5134,2055,5919
163046,Loyola University Maryland,http://i.forbesimg.com/media/lists/colleges/loyola-university-maryland_50x50.jpg,Private,1993,12165,12165,45950593,7489753,3908702,2368890,15182808,59717938,20097439,1668604,10801433,22383009,15483149,70433634,3194,224,465
163286,University of Maryland-College Park,http://i.forbesimg.com/media/lists/colleges/university-of-maryland-college-park_50x50.jpg,Public,1993,3179,8783,129693404,307469728,21941012,1639305,103290549,460743449,157532401,110728582,28682287,85593078,153857517,536393865,23331,2209,3922
163976,St John's College,http://i.forbesimg.com/media/lists/colleges/st-johns-college-md_50x50.jpg,Private,1993,16150,16150,7005322,944697,832118,1989666,2143414,10771803,3625101,0,2515399,3608083,2434253,12182836,397,46,85
164155,United States Naval Academy,http://i.forbesimg.com/media/lists/colleges/united-states-naval-academy_50x50.jpg,Private,1993,0,0,0,213304093,0,0,0,213304093,71063989,3226130,0,99303729,39710245,213304093,4126,298,1133
164465,Amherst College,http://i.forbesimg.com/media/lists/colleges/amherst-college_50x50.jpg,Private,1993,19152,19152,28480061,2025583,5692334,13551096,10912715,49749074,16696999,1718835,9823566,17517147,14948523,60705070,1590,177,425
164739,Bentley University,http://i.forbesimg.com/media/lists/colleges/bentley-university_50x50.jpg,Private,1993,12830,12830,62157602,3038854,770736,1700000,16456710,67667192,25756992,0,12004861,26706264,14586510,79054627,4628,199,493
164924,Boston College,http://i.forbesimg.com/media/lists/colleges/boston-college_50x50.jpg,Private,1993,16006,16006,172027708,17083360,9603981,18114697,70952590,216829746,78874121,7661487,35637505,55189607,77152564,254515284,10148,562,1691
164988,Boston University,http://i.forbesimg.com/media/lists/colleges/boston-university_50x50.jpg,Private,1993,17650,17650,407289048,100365040,66035047,6153601,156501546,579842736,239548698,58990702,106033607,163453308,135401989,703428304,18084,1687,3897
165015,Brandeis University,http://i.forbesimg.com/media/lists/colleges/brandeis-university_50x50.jpg,Private,1993,18955,18955,58876750,24172289,19922825,15366740,22802118,118338604,32851475,27423049,25684888,31203870,21569850,138733132,2881,322,932
165334,Clark University,http://i.forbesimg.com/media/lists/colleges/clark-university_50x50.jpg,Private,1993,17000,17000,41289000,3216000,4237000,2433000,10986000,51175000,19328000,4058000,12310000,12606000,10794000,59096000,2207,176,332
166018,Hampshire College,http://i.forbesimg.com/media/lists/colleges/hampshire-college_50x50.jpg,Private,1993,19490,19490,21274909,1553659,2198734,530402,5939559,25557704,6074989,600820,8143280,10671670,5070155,30560914,1171,89,203
166027,Harvard University,http://i.forbesimg.com/media/lists/colleges/harvard-university_50x50.jpg,Private,1993,17470,17470,342981000,221950000,179596000,260285000,301054000,1004812000,455106000,266778000,110972000,211741000,282427000,1327024000,10704,1847,7568
166124,College of the Holy Cross,http://i.forbesimg.com/media/lists/colleges/college-of-the-holy-cross_50x50.jpg,Private,1993,17200,17200,43852013,1598378,6224979,4166783,19925069,55842153,15658558,1211804,10452995,17624146,20931746,65879249,2697,205,552
166683,Massachusetts Institute of Technology,http://i.forbesimg.com/media/lists/colleges/massachusetts-institute-of-technology_50x50.jpg,Private,1993,19000,19000,181199000,255717000,245462000,40959000,413294000,723337000,170754000,259209000,59198000,149937000,493093000,1132191000,4509,1038,7406
166939,Mount Holyoke College,http://i.forbesimg.com/media/lists/colleges/mount-holyoke-college_50x50.jpg,Private,1993,17980,17980,32424867,2818583,8200413,10531494,13635858,53975357,18491576,948760,15123920,14261493,16859082,65684831,1932,211,449
167835,Smith College,http://i.forbesimg.com/media/lists/colleges/smith-college_50x50.jpg,Private,1993,18136,18136,49830844,3348955,11010001,15203713,20161810,79393513,28921075,1824188,18345388,30309287,20865837,100265775,2574,283,759
168148,Tufts University,http://i.forbesimg.com/media/lists/colleges/tufts-university_50x50.jpg,Private,1993,18793,18793,135513188,51206076,22498216,7479796,67611323,216697276,67342596,30934243,28950182,73193657,64497082,264917760,4629,554,2076
168218,Wellesley College,http://i.forbesimg.com/media/lists/colleges/wellesley-college_50x50.jpg,Private,1993,17725,17725,38757657,3972073,10677225,17439361,24739078,70846316,24336678,6053754,12825240,22982757,23516254,89714683,2351,262,435
168281,Wheaton College,http://i.forbesimg.com/media/lists/colleges/wheaton-college-il_50x50.jpg,Private,1993,17670,17670,21242200,890047,2242405,2563931,7887555,26938583,6467798,0,8374939,11267230,6565445,32675412,1364,91,271
168342,Williams College,http://i.forbesimg.com/media/lists/colleges/williams-college_50x50.jpg,Private,1993,18795,18795,35921201,2364393,7126225,16212712,17321541,61624531,23264623,0,8683221,22218226,19186736,73352806,2012,207,549
168421,Worcester Polytechnic Institute,http://i.forbesimg.com/media/lists/colleges/worcester-polytechnic-institute_50x50.jpg,Private,1993,15290,15290,46311267,11908717,6957929,4834536,8034627,70012449,25873403,9109339,15885054,10964745,13880381,75712922,2888,220,388
170301,Hope College,http://i.forbesimg.com/media/lists/colleges/hope-college_50x50.jpg,Private,1993,11542,11542,26347588,4653790,4091057,2550761,11885191,37643196,12452155,1722679,10078035,11325204,13671631,49249704,2713,181,271
170532,Kalamazoo College,http://i.forbesimg.com/media/lists/colleges/kalamazoo-college_50x50.jpg,Private,1993,15135,15135,16508623,1739579,2108511,4033255,5605215,24389968,9666532,0,6297461,6777129,6860609,29601731,1218,92,181
170976,University of Michigan-Ann Arbor,http://i.forbesimg.com/media/lists/colleges/university-of-michigan-ann-arbor_50x50.jpg,Public,1993,5119,15681,318453987,560748552,104567609,15706410,1074096683,999476558,317700164,287269242,106324584,190459398,1048179959,1949933347,23384,2741,14266
171100,Michigan State University,http://i.forbesimg.com/media/lists/colleges/michigan-state-university_50x50.jpg,Public,1993,4260,10620,177367468,403251853,54642436,3075321,211246276,638337078,251496670,140459854,37012754,113076262,286220243,828265783,30760,3306,5158
173258,Carleton College,http://i.forbesimg.com/media/lists/colleges/carleton-college_50x50.jpg,Private,1993,18405,18405,31772351,2329440,4483487,8128878,8572300,46714156,15833972,1485869,8946866,17052110,11794274,55113091,1882,155,243
173902,Macalester College,http://i.forbesimg.com/media/lists/colleges/macalester-college_50x50.jpg,Private,1993,15107,15107,24617876,1912124,2972226,15986489,6128408,45488715,12727805,541724,9101893,12359343,6881087,41611852,1836,123,275
174066,University of Minnesota-Twin Cities,http://i.forbesimg.com/media/lists/colleges/university-of-minnesota-twin-cities_50x50.jpg,Public,1993,3266,8854,148715192,637273508,146096681,15782385,505978360,947867766,351407620,271941977,51013198,180934398,585383042,1440680235,38338,2550,9801
174844,St Olaf College,http://i.forbesimg.com/media/lists/colleges/st-olaf-college_50x50.jpg,Private,1993,13560,13560,38834519,2965478,3748292,1895797,16095630,47444086,22347609,307755,9165590,14408486,17287758,63517198,2993,264,345
178697,College of the Ozarks,http://i.forbesimg.com/media/lists/colleges/college-of-the-ozarks_50x50.jpg,Private,1993,100,100,12428151,2435757,4597932,6290901,5127119,25752741,7794778,0,9857305,5139214,4926529,27717826,1472,80,137
179159,Saint Louis University,http://i.forbesimg.com/media/lists/colleges/saint-louis-university-main-campus_50x50.jpg,Private,1993,10820,10820,92865282,24931857,12462116,8141448,336012777,138400703,131575284,16242269,17221109,41282859,254430507,460752028,8933,969,1934
179867,Washington University in St Louis,http://i.forbesimg.com/media/lists/colleges/washington-university-in-st-louis_50x50.jpg,Private,1993,17776,17776,143441933,149435015,50133714,49282478,339281082,392293140,330356086,129110765,48149819,94125308,69662588,671404566,6153,1744,5310
181002,Creighton University,http://i.forbesimg.com/media/lists/colleges/creighton-university_50x50.jpg,Private,1993,10252,10252,62825000,9512000,10253000,3067000,76707000,85657000,93308000,7353000,14415000,33024000,14712000,162812000,4094,598,1283
182670,Dartmouth College,http://i.forbesimg.com/media/lists/colleges/dartmouth-college_50x50.jpg,Private,1993,18270,18270,95984521,52805987,30674921,33068579,68358005,212534008,64696918,47661107,26616622,81655250,53478947,274108844,3950,674,1983
183044,University of New Hampshire-Main Campus,http://i.forbesimg.com/media/lists/colleges/university-of-new-hampshire-main-campus_50x50.jpg,Public,1993,4380,12010,80190085,82208434,13237373,1732949,52145293,177368841,56789703,39027088,23395812,37558606,65365914,222137123,11696,758,1562
183239,Saint Anselm College,http://i.forbesimg.com/media/lists/colleges/saint-anselm-college_50x50.jpg,Private,1993,11840,11840,20997372,1677571,1655391,252375,7920209,24582709,7250308,426851,7376436,5529675,9586137,30169407,1873,122,283
186131,Princeton University,http://i.forbesimg.com/media/lists/colleges/princeton-university_50x50.jpg,Private,1993,18940,18940,111288000,64867000,61095000,105945000,197406000,343195000,97177000,85404000,38697000,86338000,194106000,501722000,4686,754,3780
189088,Bard College,http://i.forbesimg.com/media/lists/colleges/bard-college_50x50.jpg,Private,1993,19154,19154,17614000,1840000,10464000,1568000,5825000,31486000,8736000,5181000,9476000,7173000,6354000,36920000,1039,90,230
189097,Barnard College,http://i.forbesimg.com/media/lists/colleges/barnard-college_50x50.jpg,Private,1993,17756,17756,34539000,4326000,5217000,2574000,14502000,46656000,12648000,1133000,13725000,14262000,18530000,60298000,2197,164,327
190099,Colgate University,http://i.forbesimg.com/media/lists/colleges/colgate-university_50x50.jpg,Private,1993,18620,18620,46282000,3420000,5611000,6385000,11956000,61698000,23837000,843000,13002000,17612000,14645000,69939000,2674,256,412
190150,Columbia University in the City of New York,http://i.forbesimg.com/media/lists/colleges/columbia-university-in-the-city-of-new-york_50x50.jpg,Private,1993,17948,17948,257817000,298202000,331319000,97862000,51295000,985200000,323072000,182450000,59509000,97431000,316369000,978831000,6928,2421,6456
190372,Cooper Union for the Advancement of Science and Art,http://i.forbesimg.com/media/lists/colleges/cooper-union-for-the-advancement-of-science-and-art_50x50.jpg,Private,1993,300,300,661000,731000,2420000,15205000,1116000,19017000,8323000,0,1016000,10551000,3465000,23355000,986,59,146
190415,Cornell University,http://i.forbesimg.com/media/lists/colleges/cornell-university_50x50.jpg,Private,1993,18226,18226,203152000,131761000,46369000,48575000,116625000,429857000,144527000,87153000,55974000,108851000,118426000,514931000,8075,987,4477
191241,Fordham University,http://i.forbesimg.com/media/lists/colleges/fordham-university_50x50.jpg,Private,1993,13375,13375,121343000,15567000,6117000,2467000,19372000,145494000,46303000,1887000,34059000,51956000,27698000,161903000,5910,498,1096
191515,Hamilton College,http://i.forbesimg.com/media/lists/colleges/hamilton-college_50x50.jpg,Private,1993,18650,18650,31450000,2629000,3771000,2841000,9482000,40691000,14779000,438000,10081000,15256000,12170000,52724000,1670,159,271
191630,Hobart William Smith Colleges,http://i.forbesimg.com/media/lists/colleges/hobart-william-smith-colleges_50x50.jpg,Private,1993,18309,18309,32464000,1490000,3813000,2040000,9542000,39807000,11097000,0,10040000,14240000,11786000,47163000,1797,151,421
192703,Manhattan College,http://i.forbesimg.com/media/lists/colleges/manhattan-college_50x50.jpg,Private,1993,12700,12700,37131000,6839000,3505000,259000,9724000,47734000,15219000,1783000,12840000,15521000,10692000,56055000,2834,194,318
193900,New York University,http://i.forbesimg.com/media/lists/colleges/new-york-university_50x50.jpg,Private,1993,17640,17640,476591000,201425000,66253000,32024000,562957000,776293000,385472000,87574000,102287000,161395000,541522000,1278250000,15225,2519,10345
194824,Rensselaer Polytechnic Institute,http://i.forbesimg.com/media/lists/colleges/rensselaer-polytechnic-institute_50x50.jpg,Private,1993,17335,17335,88660000,34001000,26358000,8983000,28795000,158002000,53615000,31715000,28419000,46242000,35830000,195821000,4354,410,1197
195030,University of Rochester,http://i.forbesimg.com/media/lists/colleges/university-of-rochester_50x50.jpg,Private,1993,17345,17345,132839000,138548000,31975000,31575000,432449000,334937000,155086000,98183000,62328000,63476000,365438000,744511000,5509,1709,6857
195216,St Lawrence University,http://i.forbesimg.com/media/lists/colleges/st-lawrence-university_50x50.jpg,Private,1993,17890,17890,34538000,3462000,3353000,4208000,14336000,45561000,14986000,139000,15134000,13117000,15114000,58490000,1846,163,415
195304,Sarah Lawrence College,http://i.forbesimg.com/media/lists/colleges/sarah-lawrence-college_50x50.jpg,Private,1993,18460,18460,18489000,937000,2251000,779000,5949000,22456000,10168000,0,5176000,7094000,6181000,28619000,1020,67,309
195526,Skidmore College,http://i.forbesimg.com/media/lists/colleges/skidmore-college_50x50.jpg,Private,1993,17560,17560,39056000,3536000,3442000,1114000,15089000,47148000,18787000,275000,8257000,16764000,15041000,59124000,2585,173,534
196079,SUNY at Binghamton,http://i.forbesimg.com/media/lists/colleges/suny-at-binghamton_50x50.jpg,Public,1993,2961,6861,33843727,93302951,10618694,0,21853125,137765372,52901724,9045734,13453533,30381332,35504375,141286698,9215,462,912
196413,Syracuse University,http://i.forbesimg.com/media/lists/colleges/syracuse-university_50x50.jpg,Private,1993,14707,14707,228355000,37794000,15354000,7658000,104274000,289161000,127404000,18926000,57332000,80070000,97954000,381686000,12307,895,2652
196866,Union College,http://i.forbesimg.com/media/lists/colleges/union-college_50x50.jpg,Private,1993,17877,17877,35911000,2959000,5909000,4928000,11267000,49707000,19931000,691000,9515000,15331000,12741000,58209000,2038,180,458
197036,United States Military Academy,http://i.forbesimg.com/media/lists/colleges/united-states-military-academy_50x50.jpg,Private,1993,0,0,0,275431434,1715700,0,66049036,277147134,57085327,3414827,51400,141420502,141224114,343196170,4273,488,420
197133,Vassar College,http://i.forbesimg.com/media/lists/colleges/vassar-college_50x50.jpg,Private,1993,18456,18456,38059000,3036000,12019000,14008000,19683000,67122000,19337000,1577000,13584000,18295000,22326000,75119000,2241,212,643
197708,Yeshiva University,http://i.forbesimg.com/media/lists/colleges/yeshiva-university_50x50.jpg,Private,1993,12350,12350,66377000,134133000,9744000,7692000,69427000,217946000,57418000,95772000,12892000,43047000,70489000,279618000,1990,211,562
198385,Davidson College,http://i.forbesimg.com/media/lists/colleges/davidson-college_50x50.jpg,Private,1993,16263,16263,21999308,1184383,10207228,4433984,10401207,37824903,15285825,142077,6964823,11948271,12187760,46528756,1607,151,411
198419,Duke University,http://i.forbesimg.com/media/lists/colleges/duke-university_50x50.jpg,Private,1993,17163,17163,159312000,173933000,174637000,35387000,705734000,543269000,200690000,143494000,60387000,97716000,662990000,1165277000,6241,2365,14549
198516,Elon University,http://i.forbesimg.com/media/lists/colleges/elon-university_50x50.jpg,Private,1993,8630,8630,23643332,2874472,859121,745936,7269766,28122861,9260469,0,5765247,9625929,6277087,30928732,3141,137,259
199120,University of North Carolina at Chapel Hill,http://i.forbesimg.com/media/lists/colleges/university-of-north-carolina-at-chapel-hill_50x50.jpg,Public,1993,1419,8461,66718258,460935322,60819834,9211913,206555952,597685327,253662206,130570350,26995958,79051827,296105134,786385475,15709,1958,6335
199193,North Carolina State University at Raleigh,http://i.forbesimg.com/media/lists/colleges/north-carolina-state-university-at-raleigh_50x50.jpg,Public,1993,1389,8431,53000530,331068325,48634461,920448,86411233,433623764,144197859,119821083,18174633,64323476,158945984,505463035,21986,1440,4352
199847,Wake Forest University,http://i.forbesimg.com/media/lists/colleges/wake-forest-university_50x50.jpg,Private,1993,13000,13000,66319317,53974286,28639666,17314628,195278364,166247897,181662627,47027631,14065491,38110478,63391944,344258171,3671,340,803
201645,Case Western Reserve University,http://i.forbesimg.com/media/lists/colleges/case-western-reserve-university_50x50.jpg,Private,1993,15322,15322,103901000,114919000,46139000,26268000,31583000,291227000,81864000,94094000,32207000,59624000,47146000,314935000,3551,1101,2009
202523,Denison University,http://i.forbesimg.com/media/lists/colleges/denison-university_50x50.jpg,Private,1993,15950,15950,29037926,1092906,2509117,3363290,10756776,36003239,11164218,347181,9198059,12055956,12181876,44947290,1849,146,305
203535,Kenyon College,http://i.forbesimg.com/media/lists/colleges/kenyon-college_50x50.jpg,Private,1993,18140,18140,25374228,1144622,2545541,2091337,9152196,31155728,10756337,318148,6908642,10261205,11411863,39656195,1454,134,272
204024,Miami University-Oxford,http://i.forbesimg.com/media/lists/colleges/miami-university-oxford_50x50.jpg,Public,1993,4226,9098,87514971,56992722,5612427,1105668,50517609,151225788,80845153,3920620,7948505,37541926,60451405,190707609,14413,800,1609
204501,Oberlin College,http://i.forbesimg.com/media/lists/colleges/oberlin-college_50x50.jpg,Private,1993,18825,18825,49947864,2784164,7039871,10585867,17425757,70357766,21652001,419481,14772555,25192281,19656986,81693304,2707,255,482
204796,Ohio State University-Main Campus,http://i.forbesimg.com/media/lists/colleges/ohio-state-university-main-campus_50x50.jpg,Public,1993,2940,8871,217339137,468191121,99612686,15825386,541507903,800968330,335741052,156716233,49273544,152087196,580135962,1273953987,37044,3021,13100
204909,Ohio Wesleyan University,http://i.forbesimg.com/media/lists/colleges/ohio-wesleyan-university_50x50.jpg,Private,1993,15726,15726,27245902,3056024,3438861,1718504,10827073,35459291,11329969,91201,13799953,11539687,11077024,47837834,1828,136,263
206589,The College of Wooster,http://i.forbesimg.com/media/lists/colleges/the-college-of-wooster_50x50.jpg,Private,1993,15425,15425,24347486,1930843,3421563,2297353,13704269,31997245,12376138,182003,10533968,11521963,13430391,48044463,1734,139,388
209056,Lewis & Clark College,http://i.forbesimg.com/media/lists/colleges/lewis-clark-college_50x50.jpg,Private,1993,15051,15051,37739307,2600516,2333585,1410966,6419794,44084374,17639458,587707,8788351,14807590,7830940,49654046,1692,176,334
209825,University of Portland,http://i.forbesimg.com/media/lists/colleges/university-of-portland_50x50.jpg,Private,1993,12100,12100,26615000,1749000,1513000,1151000,6388000,31028000,11556000,228000,6429000,9836000,8092000,36141000,2215,124,252
209922,Reed College,http://i.forbesimg.com/media/lists/colleges/reed-college_50x50.jpg,Private,1993,19250,19250,20543254,1402478,3542853,1083140,4489784,26571725,8944373,278163,6852773,9897558,4389887,30362754,1260,102,188
210401,Willamette University,http://i.forbesimg.com/media/lists/colleges/willamette-university_50x50.jpg,Private,1993,13665,13665,28306000,2328000,2288000,3922000,6261000,36844000,13287000,0,9460000,11636000,7729000,42112000,1754,145,262
211273,Bryn Mawr College,http://i.forbesimg.com/media/lists/colleges/bryn-mawr-college_50x50.jpg,Private,1993,17660,17660,24809869,1992434,5492299,7921061,12903505,40215663,13343597,866275,8648070,14907622,11854136,49619700,1265,105,280
211440,Carnegie Mellon University,http://i.forbesimg.com/media/lists/colleges/carnegie-mellon-university_50x50.jpg,Private,1993,16960,16960,108256000,122444000,41116000,15090000,44226000,286906000,106266000,104438000,25060000,48391000,38877000,323032000,4556,868,2047
212009,Dickinson College,http://i.forbesimg.com/media/lists/colleges/dickinson-college_50x50.jpg,Private,1993,17775,17775,35809292,2252343,1665836,2805183,14835726,42532654,13898829,1143106,8043433,14017795,15226792,52329955,1952,144,394
212577,Franklin and Marshall College,http://i.forbesimg.com/media/lists/colleges/franklin-and-marshall-college_50x50.jpg,Private,1993,23655,23655,29512961,2201168,3329867,6323041,10350506,41367037,13296330,1022297,9869166,14049542,11453972,49691307,1785,166,281
212674,Gettysburg College,http://i.forbesimg.com/media/lists/colleges/gettysburg-college_50x50.jpg,Private,1993,18870,18870,36495124,1017278,2467152,1904846,11843478,41884400,13882719,0,9358757,15912365,11180438,50334279,1990,153,364
212911,Haverford College,http://i.forbesimg.com/media/lists/colleges/haverford-college_50x50.jpg,Private,1993,18000,18000,19057955,1408911,3012265,3248299,9698783,26727430,8775026,992807,5127051,10595388,10366139,35856411,1084,100,299
213251,Juniata College,http://i.forbesimg.com/media/lists/colleges/juniata-college_50x50.jpg,Private,1993,14250,14250,13764668,2682408,1618534,1240085,4842778,19305695,4384960,267648,6103257,7887428,5533300,24176593,1050,75,153
213385,Lafayette College,http://i.forbesimg.com/media/lists/colleges/lafayette-college_50x50.jpg,Private,1993,17880,17880,33902900,1078376,3224893,7366648,11375007,45572817,15679160,671225,8794566,16511980,13865783,55522714,2244,162,393
213543,Lehigh University,http://i.forbesimg.com/media/lists/colleges/lehigh-university_50x50.jpg,Private,1993,17750,17750,89789000,25018000,19571000,11706000,37057000,146084000,46581000,25553000,27725000,37320000,38944000,176123000,4430,374,938
214175,Muhlenberg College,http://i.forbesimg.com/media/lists/colleges/muhlenberg-college_50x50.jpg,Private,1993,16385,16385,26742924,1379318,1608435,1626612,7895044,31357289,10192736,61273,7537886,8436027,8671238,34899160,2006,115,212
214777,Pennsylvania State University-Main Campus,http://i.forbesimg.com/media/lists/colleges/pennsylvania-state-university-main-campus_50x50.jpg,Public,1993,4822,10170,225344831,356289539,58612608,9240555,137397760,649487533,186761077,198516949,31361525,131278340,199177941,747095832,30963,2540,6663
215062,University of Pennsylvania,http://i.forbesimg.com/media/lists/colleges/university-of-pennsylvania_50x50.jpg,Private,1993,17838,17838,331745000,233563000,71018000,40779000,880084000,677105000,279256000,165248000,83510000,162333000,782383000,1472730000,11448,2030,6012
215293,University of Pittsburgh-Pittsburgh Campus,http://i.forbesimg.com/media/lists/colleges/university-of-pittsburgh-pittsburgh-campus_50x50.jpg,Public,1993,5186,10708,179415486,281807282,55404084,15569988,136989583,532196840,189435730,156096616,42268488,123228130,93802282,604831246,17607,2595,5262
216287,Swarthmore College,http://i.forbesimg.com/media/lists/colleges/swarthmore-college_50x50.jpg,Private,1993,18482,18482,22136907,1940227,8609951,13156776,12185487,45843861,13292327,1176260,8499940,16964940,11188750,51122217,1522,174,343
216524,Ursinus College,http://i.forbesimg.com/media/lists/colleges/ursinus-college_50x50.jpg,Private,1993,14265,14265,14660023,1527258,1326873,2004158,8125651,19518312,5682947,111822,6912222,7632169,7065395,27404555,2508,80,148
216597,Villanova University,http://i.forbesimg.com/media/lists/colleges/villanova-university_50x50.jpg,Private,1993,14470,14470,108366022,6133298,4888121,1490603,34310219,120878044,51328474,1864053,19105457,41206154,33559313,147063451,7696,511,1016
217156,Brown University,http://i.forbesimg.com/media/lists/colleges/brown-university_50x50.jpg,Private,1993,19556,19556,120376091,47075799,33425043,18955583,51117622,219832516,84598556,30912592,26926919,64289964,58098051,264826082,5992,670,2042
217402,Providence College,http://i.forbesimg.com/media/lists/colleges/providence-college_50x50.jpg,Private,1993,13625,13625,51634298,2057423,4292187,1066160,18673262,59050068,19730951,392848,11993572,17789067,19343953,69250391,5075,219,418
217882,Clemson University,http://i.forbesimg.com/media/lists/colleges/clemson-university_50x50.jpg,Public,1993,2954,7896,57859168,163189172,23841870,550206,70652746,245440416,77308568,61774726,10539379,41384886,118941335,309948894,12513,1099,2981
218070,Furman University,http://i.forbesimg.com/media/lists/colleges/furman-university_50x50.jpg,Private,1993,12605,12605,29911322,1361067,3196836,5624313,12111538,40093538,15380664,233455,7503990,17709394,11586411,52413914,2538,205,449
218539,Presbyterian College,http://i.forbesimg.com/media/lists/colleges/presbyterian-college_50x50.jpg,Private,1993,11984,11984,11662547,502869,982078,1836520,5714444,14984014,4576255,0,4360388,5223146,6064343,20224132,1158,75,191
218663,University of South Carolina-Columbia,http://i.forbesimg.com/media/lists/colleges/university-of-south-carolina-columbia_50x50.jpg,Public,1993,3090,7808,83385996,185466571,18042190,477232,46689398,287371989,131900117,34047710,15788821,58186515,88437398,328360561,16255,1429,2657
218973,Wofford College,http://i.forbesimg.com/media/lists/colleges/wofford-college_50x50.jpg,Private,1993,11480,11480,10948151,1851050,1568450,1322284,5232443,15689935,4282105,0,5501956,4380960,6660149,20825170,1093,64,198
221351,Rhodes College,http://i.forbesimg.com/media/lists/colleges/rhodes-college_50x50.jpg,Private,1993,14916,14916,19684529,860352,2965124,4043756,7605730,27553761,9828942,0,8610525,8459926,7510039,34409432,1404,114,205
221519,Sewanee-The University of the South,http://i.forbesimg.com/media/lists/colleges/sewanee-the-university-of-the-south_50x50.jpg,Private,1993,14910,14910,18976645,668490,7739714,5692341,8248833,33077190,9390128,66976,6367828,13131962,7997629,36954523,1154,106,302
221999,Vanderbilt University,http://i.forbesimg.com/media/lists/colleges/vanderbilt-university_50x50.jpg,Private,1993,16925,16925,140851648,118096899,38704928,30972562,508369531,328626037,132372854,76342820,48870652,87048476,401307363,745942165,5590,1604,7891
223232,Baylor University,http://i.forbesimg.com/media/lists/colleges/baylor-university_50x50.jpg,Private,1993,7070,7070,75284497,8579927,7940594,14516706,35449643,106321724,55821343,1662668,18970661,29977967,33282270,139714909,10403,638,699
227757,Rice University,http://i.forbesimg.com/media/lists/colleges/rice-university_50x50.jpg,Private,1993,9644,9644,34994000,27567000,16840000,55603000,25942000,135004000,61019000,24450000,17958000,30394000,36063000,169884000,2763,433,1262
228246,Southern Methodist University,http://i.forbesimg.com/media/lists/colleges/southern-methodist-university_50x50.jpg,Private,1993,13580,13580,96600000,8516000,8869000,14313000,39020000,128298000,50248000,6067000,25704000,44791000,36609000,163419000,5279,489,1303
228343,Southwestern University,http://i.forbesimg.com/media/lists/colleges/southwestern-university_50x50.jpg,Private,1993,11000,11000,12232532,558069,1767510,5483673,4460635,20041784,6251203,92206,4264350,9018750,4762647,24389156,1206,83,188
228723,Texas A & M University-College Station,http://i.forbesimg.com/media/lists/colleges/texas-a-m-university_50x50.jpg,Public,1993,1646,5746,122556226,472350775,66523286,5872762,102014468,667303049,243941278,187717226,46298349,83642407,213388932,774988192,34441,1824,5221
228778,The University of Texas at Austin,http://i.forbesimg.com/media/lists/colleges/the-university-of-texas-at-austin_50x50.jpg,Public,1993,1691,5771,110222347,430637943,51405515,103494303,137000594,695760108,237778104,202317182,53049896,112904309,198823843,804873334,35206,2088,8664
229267,Trinity University,http://i.forbesimg.com/media/lists/colleges/trinity-university_50x50.jpg,Private,1993,11720,11720,26032904,5329791,1378670,14489054,12679529,47230419,17347094,1039904,8707073,17367712,12708018,57169801,2205,229,419
230038,Brigham Young University-Provo,http://i.forbesimg.com/media/lists/colleges/brigham-young-university_50x50.jpg,Public,1993,2200,3300,91017544,30102540,168015165,4459247,164987221,293594496,155287807,14527761,36752911,82301279,159847934,448717692,28775,1387,2344
230764,University of Utah,http://i.forbesimg.com/media/lists/colleges/university-of-utah_50x50.jpg,Public,1993,2298,6795,52758000,272377000,16159000,6625000,394622000,347919000,128331000,90109000,19084000,64257000,410881000,712662000,22268,1549,3936
230816,Bennington College,http://i.forbesimg.com/media/lists/colleges/bennington-college_50x50.jpg,Private,1993,20750,20750,10220371,551382,2170309,376481,3324700,13318543,4335440,0,4412922,4566871,3262643,16577876,460,51,129
230959,Middlebury College,http://i.forbesimg.com/media/lists/colleges/middlebury-college_50x50.jpg,Private,1993,24400,24400,49068000,2715000,3926000,8089000,16065000,63798000,19100000,2507000,10820000,22895000,17990000,73312000,2055,208,521
231059,Saint Michael's College,http://i.forbesimg.com/media/lists/colleges/saint-michaels-college_50x50.jpg,Private,1993,12430,12430,23327986,1909220,1381259,799374,10080018,27417839,10567302,504924,5843059,10170393,7952064,35037742,1821,124,249
231174,University of Vermont,http://i.forbesimg.com/media/lists/colleges/university-of-vermont_50x50.jpg,Public,1993,6400,15344,102031000,65906000,21589000,3510000,47493000,193036000,66528000,35747000,16269000,49782000,63359000,231685000,9027,835,1824
231624,College of William and Mary,http://i.forbesimg.com/media/lists/colleges/college-of-william-and-mary_50x50.jpg,Public,1993,4414,12604,34590884,38820409,5064411,1345977,39201024,79821681,39026298,9449856,4969738,23380812,40862502,117689206,5320,529,985
232256,Hampden-Sydney College,http://i.forbesimg.com/media/lists/colleges/hampden-sydney-college_50x50.jpg,Private,1993,12974,12974,11246600,1094548,1694732,1818886,6338049,15854766,5127680,50305,3173192,6449186,6436903,21237266,946,84,174
232423,James Madison University,http://i.forbesimg.com/media/lists/colleges/james-madison-university_50x50.jpg,Public,1993,3798,7650,30120839,34855229,964125,8852,50957625,65949045,37464245,933760,4196565,16712297,56252112,115558979,10394,512,980
233374,University of Richmond,http://i.forbesimg.com/media/lists/colleges/university-of-richmond_50x50.jpg,Private,1993,13540,13540,46215976,1548319,3800042,14745625,17818043,66309962,22287326,735199,7125185,23397909,25456875,79002494,3448,269,666
233921,Virginia Polytechnic Institute and State University,http://i.forbesimg.com/media/lists/colleges/virginia-polytechnic-institute-and-state-university_50x50.jpg,Public,1993,3812,9680,112405376,245964701,35259006,2281715,75953448,395910798,132769482,95354634,25080653,69484513,146050229,468739511,19127,1649,4160
234076,University of Virginia-Main Campus,http://i.forbesimg.com/media/lists/colleges/university-of-virginia-main-campus_50x50.jpg,Public,1993,4350,12254,112561291,201896659,64332324,21740216,434820600,400530490,147034389,88266795,43351319,85809061,442324721,806786285,12446,1722,8065
234085,Virginia Military Institute,http://i.forbesimg.com/media/lists/colleges/virginia-military-institute_50x50.jpg,Public,1993,4940,10780,6981188,9276145,4045568,448513,8792190,20751414,7089920,59070,3183091,6457734,10968586,27758401,1191,104,300
234207,Washington and Lee University,http://i.forbesimg.com/media/lists/colleges/washington-and-lee-university_50x50.jpg,Private,1993,13235,13235,24517139,625759,5308773,9680506,8787112,40132177,19106174,363426,4384652,11909931,9526701,45290884,1587,181,399
236328,University of Puget Sound,http://i.forbesimg.com/media/lists/colleges/university-of-puget-sound_50x50.jpg,Private,1993,15220,15220,51380000,2884000,2125000,3019000,12738000,59408000,21018000,1064000,11350000,20778000,14300000,68510000,2876,264,366
236948,University of Washington-Seattle Campus,http://i.forbesimg.com/media/lists/colleges/university-of-washington-seattle-campus_50x50.jpg,Public,1993,2532,7134,135327000,625641000,72624000,5575000,407783000,839167000,322440000,284285000,59997000,176967000,370814000,1214503000,24938,3262,10329
237057,Whitman College,http://i.forbesimg.com/media/lists/colleges/whitman-college_50x50.jpg,Private,1993,15650,15650,16677485,1006543,1378333,5236782,5468189,24299143,7493805,658552,6294617,8687337,5776232,28910543,1249,120,189
238333,Beloit College,http://i.forbesimg.com/media/lists/colleges/beloit-college_50x50.jpg,Private,1993,15430,15430,15063761,1645854,3462477,2624668,4239176,22796760,6521560,202681,6290937,7809422,5486540,26311140,1206,80,200
239017,Lawrence University,http://i.forbesimg.com/media/lists/colleges/lawrence-university_50x50.jpg,Private,1993,16341,16341,17997330,961039,2812577,5922948,4933029,27693894,8347439,545890,7941949,7824748,7067858,31727884,1203,109,225
240444,University of Wisconsin-Madison,http://i.forbesimg.com/media/lists/colleges/university-of-wisconsin-madison_50x50.jpg,Public,1993,2540,8403,166149946,632774889,120819717,9823160,432949684,929567712,249489845,343603490,56336550,159889022,494796154,1304115061,27908,2806,8104
240727,University of Wyoming,http://i.forbesimg.com/media/lists/colleges/university-of-wyoming_50x50.jpg,Public,1993,1648,5182,24783154,115971733,16066024,3212206,34365273,160033117,58073789,27309690,15856481,29618120,50941193,181799273,9023,791,1673
243744,Stanford University,http://i.forbesimg.com/media/lists/colleges/stanford-university_50x50.jpg,Private,1993,17874,17874,216572584,439379001,126312429,117384070,724775673,899648084,240426407,376457164,97327686,217399871,608420718,1540031846,7007,1385,6172
243780,Purdue University-Main Campus,http://i.forbesimg.com/media/lists/colleges/purdue-university-main-campus_50x50.jpg,Public,1993,2696,8848,140133593,321755520,47543955,6521904,135351643,515954972,217428028,104642173,28301792,70990601,180560275,601922869,30278,1978,5774
107080,Hendrix College,http://i.forbesimg.com/media/lists/colleges/hendrix-college_50x50.jpg,Private,2013,37358,37358,18280403,1572862,6058245,30368534,16104759,72459519,17509852,1216324,8927982,23810626,16259021,67723805,1444,135,326
110404,California Institute of Technology,http://i.forbesimg.com/media/lists/colleges/california-institute-of-technology_50x50.jpg,Private,2013,39990,39990,35215000,318538000,119670000,206076000,1479926020,2159505000,208551000,258327000,4297439,144805000,1432867000,2048847439,2181,893,2122
110422,California Polytechnic State University-San Luis Obispo,http://i.forbesimg.com/media/lists/colleges/california-polytechnic-state-university-san-luis-obispo_50x50.jpg,Public,2013,5472,16632,137159041,116909976,21523926,1382048,71602706,348599801,171844189,1655606,17481916,135471249,36382676,362835636,19703,866,1255
110635,University of California-Berkeley,http://i.forbesimg.com/media/lists/colleges/university-of-california-berkeley_50x50.jpg,Public,2013,11220,34098,639860000,346564000,231139000,60979000,1084474682,2363062000,691070000,628535000,146638342,562853000,393498645,2422594987,36198,3419,7205
110644,University of California-Davis,http://i.forbesimg.com/media/lists/colleges/university-of-california-davis_50x50.jpg,Public,2013,11220,34098,434317000,394979000,96437000,44342000,2671270682,3641391000,687362000,642842000,94684308,510576000,1666967355,3602431663,33307,3757,7716
110653,University of California-Irvine,http://i.forbesimg.com/media/lists/colleges/university-of-california-irvine_50x50.jpg,Public,2013,11220,34098,400856000,284814000,76635000,19791000,1578228682,2360370000,521873000,315812000,108936684,338806000,1006240267,2291667951,28895,2460,4789
110662,University of California-Los Angeles,http://i.forbesimg.com/media/lists/colleges/university-of-california-los-angeles_50x50.jpg,Public,2013,11220,34098,621099000,493584000,334622000,108609000,4270305682,5828265000,1580776360,810519658,64974663,860641488,2223003946,5539916115,40795,4637,13331
110680,University of California-San Diego,http://i.forbesimg.com/media/lists/colleges/university-of-california-san-diego_50x50.jpg,Public,2013,11220,34098,414526000,318843000,145654000,42507000,2830105682,3751681000,683319000,856454000,82367535,597143000,1314968600,3534252135,29517,3664,8050
110705,University of California-Santa Barbara,http://i.forbesimg.com/media/lists/colleges/university-of-california-santa-barbara_50x50.jpg,Public,2013,11220,34098,309082000,172803000,44877000,5457000,359745682,892010000,241080000,203563000,109927259,201111000,164308030,919989289,22225,1423,2832
115409,Harvey Mudd College,http://i.forbesimg.com/media/lists/colleges/harvey-mudd-college_50x50.jpg,Private,2013,46234,46234,21116803,3042055,33601217,24770826,10747161,93370530,21914282,3052236,3834789,20460527,7619574,56881408,807,99,190
117946,Loyola Marymount University,http://i.forbesimg.com/media/lists/colleges/loyola-marymount-university_50x50.jpg,Private,2013,39344,39344,245661000,5583000,18111000,61132000,45941312,376507000,126070000,6254000,16927697,153062000,28266000,330579697,9661,733,1187
120254,Occidental College,http://i.forbesimg.com/media/lists/colleges/occidental-college_50x50.jpg,Private,2013,45190,45190,55521092,3451929,17132937,41373971,26031280,143601589,37475447,2719528,9400781,37551174,29741777,116888707,2128,198,462
121150,Pepperdine University,http://i.forbesimg.com/media/lists/colleges/pepperdine-university_50x50.jpg,Private,2013,44650,44650,191734000,3546000,21534000,51693000,85527700,354124000,83658000,2690000,16761050,160765000,40499000,304373050,7315,492,1097
121257,Pitzer College,http://i.forbesimg.com/media/lists/colleges/pitzer-college_50x50.jpg,Private,2013,44752,44752,46107838,654121,14023686,11238890,1533343,73647382,25310660,388370,2767086,27410196,1126998,57003310,1081,91,190
121345,Pomona College,http://i.forbesimg.com/media/lists/colleges/pomona-college_50x50.jpg,Private,2013,43255,43255,35768000,2755000,15838000,207003000,20909490,282360000,55539000,2587000,8241345,58497000,26292000,151156345,1610,225,496
122931,Santa Clara University,http://i.forbesimg.com/media/lists/colleges/santa-clara-university_50x50.jpg,Private,2013,42156,42156,215523000,4751000,39667000,84175000,45514688,389715000,118190000,4705000,17723461,133925000,37702000,312245461,8770,620,918
123165,Scripps College,http://i.forbesimg.com/media/lists/colleges/scripps-college_50x50.jpg,Private,2013,45350,45350,27446942,378045,19489854,32775644,11411682,91592867,27606028,1800000,3446495,15247984,13455192,61555699,1009,101,206
123961,University of Southern California,http://i.forbesimg.com/media/lists/colleges/university-of-southern-california_50x50.jpg,Private,2013,45602,45602,1074811000,416741000,580055000,428735000,1368948796,3869382000,1511102000,344638000,47478756,749952000,668092000,3321262756,41368,4212,8977
125727,Westmont College,http://i.forbesimg.com/media/lists/colleges/westmont-college_50x50.jpg,Private,2013,37500,37500,29960687,233591,19391746,6516498,15656160,71833682,20977157,434813,5310969,23297483,12390229,62410651,1321,115,220
126614,University of Colorado Boulder,http://i.forbesimg.com/media/lists/colleges/university-of-colorado-at-boulder_50x50.jpg,Public,2013,8760,30528,483770987,18679593,110721051,3683814,608853109,1225747842,402590112,319530147,25732452,189053923,216715295,1153621929,32017,2376,4166
126678,Colorado College,http://i.forbesimg.com/media/lists/colleges/colorado-college_50x50.jpg,Private,2013,43812,43812,59902012,1971643,7856009,23861941,23413828,117093057,43327187,1199002,6358649,54956969,14649441,120491248,2061,188,494
126775,Colorado School of Mines,http://i.forbesimg.com/media/lists/colleges/colorado-school-of-mines_50x50.jpg,Public,2013,14400,30330,98371498,5195687,40064415,1827849,78646292,224150471,74335324,56906151,6140829,42479315,26630957,206492576,5790,400,518
127060,University of Denver,http://i.forbesimg.com/media/lists/colleges/university-of-denver_50x50.jpg,Private,2013,39744,39744,268659143,23136917,58438121,29660143,58959106,438932918,148465369,16042394,20631213,160494495,42289207,387922678,11778,917,1426
128328,United States Air Force Academy,http://i.forbesimg.com/media/lists/colleges/united-states-air-force-academy_50x50.jpg,Private,2013,0,0,0,512785400,15947649,0,153101518,681834567,117515676,513655,74432632,139111842,311996053,643569858,3993,179,14
128902,Connecticut College,http://i.forbesimg.com/media/lists/colleges/connecticut-college_50x50.jpg,Private,2013,45765,45765,59967000,2177716,16802192,28431000,23957562,131427000,38217000,1842000,6936693,46742000,18204000,111941693,1922,204,528
129020,University of Connecticut,http://i.forbesimg.com/media/lists/colleges/university-of-connecticut_50x50.jpg,Public,2013,9256,28204,274940546,523416944,63297479,964185,1003305532,1865962146,513782866,176522737,21722203,387896692,822912537,1922837035,25911,2277,6216
130590,Trinity College,http://i.forbesimg.com/media/lists/colleges/trinity-college_50x50.jpg,Private,2013,45300,45300,69918602,2014340,17534366,68580537,29235522,187373967,55136476,1975248,8271510,58470839,22082551,145936624,2390,240,364
130624,United States Coast Guard Academy,http://i.forbesimg.com/media/lists/colleges/united-states-coast-guard-academy_50x50.jpg,Private,2013,0,0,0,0,0,0,86523649,86523649,39298984,486248,0,32963898,13774519,86523649,902,165,382
130697,Wesleyan University,http://i.forbesimg.com/media/lists/colleges/wesleyan-university_50x50.jpg,Private,2013,46674,46674,91725000,7060000,38371000,68170000,48807652,254227000,80903000,8562000,12163465,48272000,43495000,193395465,3205,354,557
130794,Yale University,http://i.forbesimg.com/media/lists/colleges/yale-university_50x50.jpg,Private,2013,44000,44000,199197325,563427360,406771640,2561186005,829880670,4560551000,1439200789,488938692,116757762,889927886,69541721,3004366850,12109,4741,8882
130943,University of Delaware,http://i.forbesimg.com/media/lists/colleges/university-of-delaware_50x50.jpg,Public,2013,10580,28400,370912162,274345510,62395119,156676018,169625142,1033992931,359645166,139472522,22882328,186117382,151626069,859743467,22166,1129,2935
131159,American University,http://i.forbesimg.com/media/lists/colleges/american-university_50x50.jpg,Private,2013,40132,40132,355259000,19024000,40734000,66816000,72601736,554515000,147811000,49295000,24532997,183926000,82953000,488517997,12818,980,1797
131469,George Washington University,http://i.forbesimg.com/media/lists/colleges/george-washington-university_50x50.jpg,Private,2013,45122,45122,598954000,128097000,87976000,87158000,275708756,1177984000,428242000,146183000,59253667,391205000,134227000,1159110667,25264,1720,3996
131496,Georgetown University,http://i.forbesimg.com/media/lists/colleges/georgetown-university_50x50.jpg,Private,2013,44280,44280,539404000,151614000,216090000,134430000,264274440,1305901000,450179000,175196000,21152324,393333000,99185000,1139045324,17849,1824,3421
134130,University of Florida,http://i.forbesimg.com/media/lists/colleges/university-of-florida_50x50.jpg,Public,2013,4477,25694,352444000,599573000,741625000,23588000,632157829,2349418000,721302000,623243000,65602195,355207000,609855000,2375209195,49878,4530,8791
135726,University of Miami,http://i.forbesimg.com/media/lists/colleges/university-of-miami_50x50.jpg,Private,2013,41580,41580,462972148,431579657,169562129,143685997,1448504272,2656387363,452442498,216898276,33247337,316843945,1532357130,2551789186,16935,2651,7313
139755,Georgia Institute of Technology-Main Campus,http://i.forbesimg.com/media/lists/colleges/georgia-institute-of-technology-main-campus_50x50.jpg,Public,2013,8258,27562,271444683,219433928,283522115,13379765,662529087,1450345398,309272070,697890937,18712866,169721238,148451018,1344048129,21471,1126,5694
139959,University of Georgia,http://i.forbesimg.com/media/lists/colleges/university-of-georgia_50x50.jpg,Public,2013,8028,26238,349901990,397625305,211015490,5443652,395004723,1359025426,294341617,353830825,31821029,226567118,343250180,1249810769,34536,2687,6920
144050,University of Chicago,http://i.forbesimg.com/media/lists/colleges/university-of-chicago_50x50.jpg,Private,2013,45324,45324,361723893,356939193,359020841,383760647,2041941443,3503476665,1025412345,314355428,28159811,449147090,1451603277,3268677951,15048,3475,6387
145637,University of Illinois at Urbana-Champaign,http://i.forbesimg.com/media/lists/colleges/university-of-illinois-at-urbana-champaign_50x50.jpg,Public,2013,13294,29027,676223900,287569300,318270213,29420610,1351343426,2662869770,671523060,520225589,199895738,475595260,535400794,2402640441,44942,2581,8118
146427,Knox College,http://i.forbesimg.com/media/lists/colleges/knox-college_50x50.jpg,Private,2013,38286,38286,24770143,1414931,17817020,11747591,10740421,66566678,17547229,0,7572450,19771712,8195893,53087284,1424,133,250
147767,Northwestern University,http://i.forbesimg.com/media/lists/colleges/northwestern-university_50x50.jpg,Private,2013,45120,45120,544305000,414506000,449054000,818824000,699675760,2926455000,655627000,430651000,33224383,707474000,105549000,1932525383,21592,3159,5802
149781,Wheaton College,http://i.forbesimg.com/media/lists/colleges/wheaton-college-il_50x50.jpg,Private,2013,30880,30880,56811893,732857,31582071,57425132,28842475,175456188,45263227,940897,6130906,62862612,30530657,145728299,2993,235,481
150400,DePauw University,http://i.forbesimg.com/media/lists/colleges/depauw-university_50x50.jpg,Private,2013,40150,40150,39171701,378022,84376589,54267559,20733948,199008119,43258875,0,11707754,41838397,15980314,112785340,2304,238,463
150455,Earlham College,http://i.forbesimg.com/media/lists/colleges/earlham-college_50x50.jpg,Private,2013,40600,40600,17304494,1416777,10550858,44058791,9624805,83036925,22612563,555998,7507057,21167662,8186246,60029526,1159,103,235
151351,Indiana University-Bloomington,http://i.forbesimg.com/media/lists/colleges/indiana-university-bloomington_50x50.jpg,Public,2013,8919,31060,654939232,235370373,131221087,29804972,426751041,1478126684,543761075,111346217,109504752,273018157,345260811,1382891012,46817,2608,5641
152080,University of Notre Dame,http://i.forbesimg.com/media/lists/colleges/university-of-notre-dame_50x50.jpg,Private,2013,44098,44098,277468000,84871000,242994000,813519000,259974804,1678915000,341958000,117369000,38796559,280533000,216612000,995268559,12124,1549,3870
152673,Wabash College,http://i.forbesimg.com/media/lists/colleges/wabash-college_50x50.jpg,Private,2013,35000,35000,13976516,289015,10158850,19968209,17605560,62068150,13404374,1933099,4490827,23806372,8936234,52570906,902,92,150
153269,Drake University,http://i.forbesimg.com/media/lists/colleges/drake-university_50x50.jpg,Private,2013,30734,30734,84529862,9449589,11512351,21000341,27373250,153926861,42497471,776031,12432584,64590572,23266844,143563502,5139,346,658
153384,Grinnell College,http://i.forbesimg.com/media/lists/colleges/grinnell-college_50x50.jpg,Private,2013,43720,43720,25090000,879000,6967000,225066000,14691560,272781000,38448000,933000,11042100,50126000,16060000,116609100,1721,209,445
153658,University of Iowa,http://i.forbesimg.com/media/lists/colleges/university-of-iowa_50x50.jpg,Public,2013,6678,25548,374773000,242792000,117464000,61192000,2031057774,2827311000,391500000,344531000,48871831,309038000,1563337000,2657277831,29748,2589,6524
156408,Centre College,http://i.forbesimg.com/media/lists/colleges/centre-college_50x50.jpg,Private,2013,36000,36000,22343248,284551,18337134,36904592,13172515,91114040,21428871,0,6163832,27930173,8271738,63794614,1381,126,273
157818,Transylvania University,http://i.forbesimg.com/media/lists/colleges/transylvania-university_50x50.jpg,Private,2013,30280,30280,16250858,0,5625738,25282124,8318118,55537398,12553109,0,5008982,19736820,6003586,43302497,1082,103,218
160755,Tulane University of Louisiana,http://i.forbesimg.com/media/lists/colleges/tulane-university-of-louisiana_50x50.jpg,Private,2013,43150,43150,293264000,173777000,72740000,119333000,212791700,871992000,270862000,143754000,31857516,144101000,243528000,834102516,12938,1527,3010
160959,College of the Atlantic,http://i.forbesimg.com/media/lists/colleges/college-of-the-atlantic_50x50.jpg,Private,2013,38403,38403,11838384,696019,3995915,5780797,2850288,25238209,4760839,0,1766705,4905854,11677126,23110524,370,25,58
160977,Bates College,http://i.forbesimg.com/media/lists/colleges/bates-college_50x50.jpg,Private,2013,45380,45380,71617475,1739175,10784497,15234316,16964832,116431055,37444531,1857454,7387717,44182647,15802376,106674725,1791,171,494
161004,Bowdoin College,http://i.forbesimg.com/media/lists/colleges/bowdoin-college_50x50.jpg,Private,2013,45004,45004,55831000,4366000,40201000,152474000,21711992,274674000,47516000,3667000,8503915,60386000,28482000,148554915,1795,209,668
161086,Colby College,http://i.forbesimg.com/media/lists/colleges/colby-college_50x50.jpg,Private,2013,43840,43840,59393000,1713000,19121000,71949000,25728320,177992000,39450000,1831000,6866850,52464000,19261000,119872850,1820,188,455
162928,Johns Hopkins University,http://i.forbesimg.com/media/lists/colleges/johns-hopkins-university_50x50.jpg,Private,2013,45470,45470,477053000,1238004000,621051000,363050000,2388354060,5087603000,1590599000,1349523000,23751691,564975000,1193484000,4722332691,20918,4324,11819
163046,Loyola University Maryland,http://i.forbesimg.com/media/lists/colleges/loyola-university-maryland_50x50.jpg,Private,2013,41850,41850,131131833,7361759,9451628,29045447,39622123,216696490,61153889,1492774,16923099,91987952,27829744,199387458,5977,428,746
163286,University of Maryland-College Park,http://i.forbesimg.com/media/lists/colleges/university-of-maryland-college-park_50x50.jpg,Public,2013,7390,26576,408741789,436427863,123203338,14333301,715730184,1698470441,464448380,442227021,43347570,326644795,342925430,1619593196,37272,3536,5335
163976,St John's College,http://i.forbesimg.com/media/lists/colleges/st-johns-college-md_50x50.jpg,Private,2013,45846,45846,11923182,2800650,6207745,8105732,5086515,34215516,10226245,0,2182819,13733142,5162264,31304470,490,60,106
164155,United States Naval Academy,http://i.forbesimg.com/media/lists/colleges/united-states-naval-academy_50x50.jpg,Private,2013,0,0,0,432534717,9143630,362420,9344044,451384811,177746520,9324055,0,239055826,23638801,449765202,4526,402,518
164465,Amherst College,http://i.forbesimg.com/media/lists/colleges/amherst-college_50x50.jpg,Private,2013,45800,45800,44979041,1539383,42618986,254933360,22864862,367027232,45642417,3861300,11664943,67349824,58072409,186590893,1785,233,616
164739,Bentley University,http://i.forbesimg.com/media/lists/colleges/bentley-university_50x50.jpg,Private,2013,39600,39600,128441000,1609000,6632000,38614000,50207800,225583000,68755000,0,15302558,78291000,38070000,200418558,5658,342,561
164924,Boston College,http://i.forbesimg.com/media/lists/colleges/boston-college_50x50.jpg,Private,2013,44870,44870,373091572,41394455,87598721,279371545,159326425,940872458,248830419,37143891,31348849,224625924,160339929,702289012,14309,1179,2342
164988,Boston University,http://i.forbesimg.com/media/lists/colleges/boston-university_50x50.jpg,Private,2013,43970,43970,869954000,252532392,159463575,131904000,521311491,1935253398,871441604,182914087,69025943,339170007,238720133,1701271774,32411,3623,5142
165015,Brandeis University,http://i.forbesimg.com/media/lists/colleges/brandeis-university_50x50.jpg,Private,2013,44180,44180,132475189,42007696,53654779,118299743,42053214,388578981,99674990,53788236,14025199,121042832,35279943,323811200,5825,615,957
165334,Clark University,http://i.forbesimg.com/media/lists/colleges/clark-university_50x50.jpg,Private,2013,39200,39200,61648000,4919526,10142474,60860000,17928600,155577000,39745000,8097000,10212183,37080000,12707000,107841183,3551,261,423
166018,Hampshire College,http://i.forbesimg.com/media/lists/colleges/hampshire-college_50x50.jpg,Private,2013,45100,45100,33362444,1100514,6342157,4340307,12296781,57532403,20391608,3099970,6371863,23604141,5895763,59363345,1492,137,277
166027,Harvard University,http://i.forbesimg.com/media/lists/colleges/harvard-university_50x50.jpg,Private,2013,38891,38891,654066000,657594000,868418000,3773844000,1047772218,7001772000,1105090000,796606000,174727873,1724023000,486292000,4286738873,28297,4184,11846
166124,College of the Holy Cross,http://i.forbesimg.com/media/lists/colleges/college-of-the-holy-cross_50x50.jpg,Private,2013,43660,43660,80936026,2281343,25064680,59974886,55008293,223352548,58934550,820347,12239104,62687866,33097879,167779746,2912,290,769
166683,Massachusetts Institute of Technology,http://i.forbesimg.com/media/lists/colleges/massachusetts-institute-of-technology_50x50.jpg,Private,2013,43210,43210,310231000,1388261000,537217000,1284334000,420044580,3940174000,644822000,1351430000,21017478,782442000,129883000,2929594478,11301,5619,6016
166939,Mount Holyoke College,http://i.forbesimg.com/media/lists/colleges/mount-holyoke-college_50x50.jpg,Private,2013,41270,41270,44364843,2709979,29230754,68114170,37281839,181784125,51229751,3036900,9623887,51654758,26069597,141614893,2251,251,635
167835,Smith College,http://i.forbesimg.com/media/lists/colleges/smith-college_50x50.jpg,Private,2013,42840,42840,68791393,4310089,34915586,209925647,44554144,362582539,85036110,4767064,16515590,84503824,34591790,225414378,3033,338,762
168148,Tufts University,http://i.forbesimg.com/media/lists/colleges/tufts-university_50x50.jpg,Private,2013,45590,45590,317585577,120282516,77434682,178145498,172749066,866288519,231497310,138960863,14122246,330735596,65939453,781255468,10872,1056,2943
168218,Wellesley College,http://i.forbesimg.com/media/lists/colleges/wellesley-college_50x50.jpg,Private,2013,43288,43288,49514000,4448000,47247000,177021000,37079424,315396000,87157000,11071000,12579870,68388000,39616000,218811870,2474,374,810
168281,Wheaton College,http://i.forbesimg.com/media/lists/colleges/wheaton-college-il_50x50.jpg,Private,2013,44780,44780,38760577,549339,11287286,20492354,19314608,90493724,26145975,0,9815496,33566025,15181894,84709390,1654,153,339
168342,Williams College,http://i.forbesimg.com/media/lists/colleges/williams-college_50x50.jpg,Private,2013,46330,46330,56096670,1921592,45420441,262955783,21650949,388138095,83850597,0,10964903,69382905,37622988,201821393,2150,310,722
168421,Worcester Polytechnic Institute,http://i.forbesimg.com/media/lists/colleges/worcester-polytechnic-institute_50x50.jpg,Private,2013,42178,42178,121016000,20487000,20903000,42693000,27980644,233164000,88401000,20868000,16455791,62173000,22438000,210335791,6296,390,526
170301,Hope College,http://i.forbesimg.com/media/lists/colleges/hope-college_50x50.jpg,Private,2013,28550,28550,58601031,0,22576568,22346487,30557851,134139037,32809729,6195228,9853949,31288811,29105718,109253435,3388,294,386
170532,Kalamazoo College,http://i.forbesimg.com/media/lists/colleges/kalamazoo-college_50x50.jpg,Private,2013,39027,39027,24960266,0,10749993,20022457,8999017,64809787,20933681,0,6853736,18971254,9425426,56184097,1458,111,248
170976,University of Michigan-Ann Arbor,http://i.forbesimg.com/media/lists/colleges/university-of-michigan-ann-arbor_50x50.jpg,Public,2013,13783,41617,924302000,292820000,452389000,837767000,4165438600,6672772000,981362000,850772000,148466456,623666000,3372260000,5976526456,43710,6458,13296
171100,Michigan State University,http://i.forbesimg.com/media/lists/colleges/michigan-state-university_50x50.jpg,Public,2013,13579,34283,697335878,282841310,125660764,186888875,916101904,2208876593,636243248,389682474,81415785,302004070,675639589,2084985166,49317,3734,7292
173258,Carleton College,http://i.forbesimg.com/media/lists/colleges/carleton-college_50x50.jpg,Private,2013,45900,45900,57173856,4023654,20876553,82105572,24618090,188889525,52960518,3653838,8291539,47630845,17939188,130475928,2045,254,389
173902,Macalester College,http://i.forbesimg.com/media/lists/colleges/macalester-college_50x50.jpg,Private,2013,45167,45167,42946000,2000000,11026000,103341000,15128666,174532000,36237000,1844000,12418817,50506000,10762000,111767817,2039,214,399
174066,University of Minnesota-Twin Cities,http://i.forbesimg.com/media/lists/colleges/university-of-minnesota-twin-cities_50x50.jpg,Public,2013,12060,18310,601359427,694350537,449224018,118180899,1153972106,3017117357,706418323,767385456,49713090,727149179,586847392,2837513440,51526,5305,10577
174844,St Olaf College,http://i.forbesimg.com/media/lists/colleges/st-olaf-college_50x50.jpg,Private,2013,40700,40700,70676432,3195057,14783500,48070887,31449032,168256308,50472550,1586681,17751121,42800571,21058387,133669310,3125,247,413
178697,College of the Ozarks,http://i.forbesimg.com/media/lists/colleges/college-of-the-ozarks_50x50.jpg,Private,2013,17900,17900,573453,2022461,40763907,65232542,37280680,145908843,14298144,0,5145429,17955271,20791231,58190075,1513,101,184
179159,Saint Louis University,http://i.forbesimg.com/media/lists/colleges/saint-louis-university-main-campus_50x50.jpg,Private,2013,36090,36090,258696701,38310575,51790193,128571171,316258138,793698958,223071485,37645958,27288203,137296032,267694418,692996096,17343,1676,2835
179867,Washington University in St Louis,http://i.forbesimg.com/media/lists/colleges/washington-university-in-st-louis_50x50.jpg,Private,2013,44100,44100,324899000,472664000,253760000,647468000,1154459800,2853339000,1342767000,471609000,22331701,348583000,124851000,2310141701,14032,3458,9030
181002,Creighton University,http://i.forbesimg.com/media/lists/colleges/creighton-university_50x50.jpg,Private,2013,32812,32812,190295000,20916252,47509748,61731000,157832376,478350000,112584403,24149324,18409412,119727013,135796272,410666424,8019,724,1251
182670,Dartmouth College,http://i.forbesimg.com/media/lists/colleges/dartmouth-college_50x50.jpg,Private,2013,45444,45444,180584529,132683745,132457078,472344562,204124755,1122285557,162349501,164427710,18976615,425041239,122667865,893462930,6342,910,3208
183044,University of New Hampshire-Main Campus,http://i.forbesimg.com/media/lists/colleges/university-of-new-hampshire-main-campus_50x50.jpg,Public,2013,13670,26390,190274919,52481407,56622950,3709613,287758033,590886982,156060387,132547088,19481520,95273362,135037282,538399639,14913,806,1958
183239,Saint Anselm College,http://i.forbesimg.com/media/lists/colleges/saint-anselm-college_50x50.jpg,Private,2013,34084,34084,41490411,1210269,6271578,12338770,22118008,83497204,21650597,0,8653205,28938857,12928009,72170668,1923,166,413
186131,Princeton University,http://i.forbesimg.com/media/lists/colleges/princeton-university_50x50.jpg,Private,2013,40170,40170,105643000,173816000,180994000,1897881000,327433660,2685848000,388776000,280140000,63301343,440675000,212325000,1385217343,8014,939,4555
189088,Bard College,http://i.forbesimg.com/media/lists/colleges/bard-college_50x50.jpg,Private,2013,45730,45730,54366086,3049006,33406480,29512151,23156115,143581298,74782295,2347504,4313717,40904206,39634093,161981815,2355,260,548
189097,Barnard College,http://i.forbesimg.com/media/lists/colleges/barnard-college_50x50.jpg,Private,2013,43100,43100,73113000,4120000,28431000,31527000,34513800,171791000,51775000,3994000,11495908,44159000,32755000,144178908,2489,254,519
190099,Colgate University,http://i.forbesimg.com/media/lists/colleges/colgate-university_50x50.jpg,Private,2013,46060,46060,84155426,2490370,33502677,91195248,31441534,242877375,62132549,1714528,7643190,77058840,25002573,173551680,2900,311,606
190150,Columbia University in the City of New York,http://i.forbesimg.com/media/lists/colleges/columbia-university-in-the-city-of-new-york_50x50.jpg,Private,2013,46846,46846,826229000,801018000,627753000,971049000,1230653308,4456796000,2022515000,664596000,10525081,492014000,280892000,3470542081,26957,6212,9607
190372,Cooper Union for the Advancement of Science and Art,http://i.forbesimg.com/media/lists/colleges/cooper-union-for-the-advancement-of-science-and-art_50x50.jpg,Private,2013,39600,39600,3421111,1124503,8282569,64424281,4734693,82066357,23707034,1075939,28082426,37106510,5366837,95338746,920,99,162
190415,Cornell University,http://i.forbesimg.com/media/lists/colleges/cornell-university_50x50.jpg,Private,2013,45130,45130,515428879,562796235,299982659,483035547,296465738,2157799318,494620639,364136237,53323839,596273904,277846060,1786200679,21593,2841,7047
191241,Fordham University,http://i.forbesimg.com/media/lists/colleges/fordham-university_50x50.jpg,Private,2013,42845,42845,386255289,14953365,49570497,64412477,76277098,591554416,205018330,14098955,54413116,212874575,90314011,576718987,15097,1025,1539
191515,Hamilton College,http://i.forbesimg.com/media/lists/colleges/hamilton-college_50x50.jpg,Private,2013,45620,45620,56449000,1960000,19116000,109286000,24004760,210907000,53710000,1357000,34563921,47243000,22179000,159052921,1926,211,451
191630,Hobart William Smith Colleges,http://i.forbesimg.com/media/lists/colleges/hobart-william-smith-colleges_50x50.jpg,Private,2013,45180,45180,58097870,2932506,9883647,26178112,22955835,120138330,32431870,2058971,8577382,46498640,15879890,105446753,2372,220,380
192703,Manhattan College,http://i.forbesimg.com/media/lists/colleges/manhattan-college_50x50.jpg,Private,2013,33000,33000,69481927,2555846,9570532,6315323,30109153,118098781,34667745,720230,9917336,50361786,20203608,115870705,3883,289,394
193900,New York University,http://i.forbesimg.com/media/lists/colleges/new-york-university_50x50.jpg,Private,2013,42472,42472,1410790000,332369000,612404000,244277000,1777029056,4376954000,1275171000,704263000,12273251,602113000,1372229000,3966049251,44599,5963,10057
194824,Rensselaer Polytechnic Institute,http://i.forbesimg.com/media/lists/colleges/rensselaer-polytechnic-institute_50x50.jpg,Private,2013,45100,45100,181457000,83243000,51793000,55355000,63024800,434963000,142620000,115023000,67339892,92901000,57301000,475184892,6714,579,1167
195030,University of Rochester,http://i.forbesimg.com/media/lists/colleges/university-of-rochester_50x50.jpg,Private,2013,44580,44580,225165000,325286000,155058000,217840000,2237317840,3160756000,318347000,302371000,27760624,217646000,2095442000,2961566624,11020,2388,6253
195216,St Lawrence University,http://i.forbesimg.com/media/lists/colleges/st-lawrence-university_50x50.jpg,Private,2013,45705,45705,56310865,1193139,12069551,28531464,33201634,131398063,38787841,188873,30538887,45310070,25297125,140122796,2506,205,545
195304,Sarah Lawrence College,http://i.forbesimg.com/media/lists/colleges/sarah-lawrence-college_50x50.jpg,Private,2013,47640,47640,42830606,489932,19120171,12626966,16869485,92032440,34079993,0,15651903,29994725,12274950,92001571,1782,171,267
195526,Skidmore College,http://i.forbesimg.com/media/lists/colleges/skidmore-college_50x50.jpg,Private,2013,44820,44820,82879000,2671000,13587000,36830000,32886360,168943000,53413000,2140000,6323103,61055000,26845000,149776103,2702,280,624
196079,SUNY at Binghamton,http://i.forbesimg.com/media/lists/colleges/suny-at-binghamton_50x50.jpg,Public,2013,5870,16190,101218329,167004521,35747354,441159,119106490,423539913,165438913,31166068,19065574,116179395,100458119,432308069,16077,715,1440
196413,Syracuse University,http://i.forbesimg.com/media/lists/colleges/syracuse-university_50x50.jpg,Private,2013,38970,38970,460500208,54383302,78005053,136346655,212737387,942050545,318905832,63541817,2066467,262358500,164064476,810937092,21267,1324,3375
196866,Union College,http://i.forbesimg.com/media/lists/colleges/union-college_50x50.jpg,Private,2013,46314,46314,57981190,2843596,18867479,36112047,30553105,146450045,43082589,1745943,56401905,48978741,23496844,173706022,2246,224,583
197036,United States Military Academy,http://i.forbesimg.com/media/lists/colleges/united-states-military-academy_50x50.jpg,Private,2013,0,0,0,315085044,19242413,0,34504900,368832357,180537232,20313760,9826328,114234052,30292572,355203944,4591,205,1432
197133,Vassar College,http://i.forbesimg.com/media/lists/colleges/vassar-college_50x50.jpg,Private,2013,47180,47180,59585757,2512378,71755976,99046863,30377054,263372388,71965616,4281069,0,70756312,22200464,169203461,2477,304,688
197708,Yeshiva University,http://i.forbesimg.com/media/lists/colleges/yeshiva-university_50x50.jpg,Private,2013,36600,36600,128760000,229646000,110751000,114284000,86534800,670049000,189575000,297566000,15185611,170865000,59820000,733011611,6747,1510,2406
198385,Davidson College,http://i.forbesimg.com/media/lists/colleges/davidson-college_50x50.jpg,Private,2013,42425,42425,38515816,4293939,65398399,70368229,25517895,204179128,34063599,2111060,19168352,50047428,22468878,127859317,1788,178,614
198419,Duke University,http://i.forbesimg.com/media/lists/colleges/duke-university_50x50.jpg,Private,2013,44020,44020,392084000,584951000,899872000,1111180000,2768728960,5756904000,855690000,806234000,53506069,473729000,2489435000,4678594069,15467,5035,11364
198516,Elon University,http://i.forbesimg.com/media/lists/colleges/elon-university_50x50.jpg,Private,2013,29750,29750,142683713,2384103,23180413,18958618,36453001,223719348,86462802,0,31315918,61532304,29964252,209275276,6305,450,789
199120,University of North Carolina at Chapel Hill,http://i.forbesimg.com/media/lists/colleges/university-of-north-carolina-at-chapel-hill_50x50.jpg,Public,2013,6423,28205,348049137,697921699,267507108,197271666,1386516334,2897300572,756354142,576483622,112839464,304477141,887625822,2637780191,29127,3527,8139
199193,North Carolina State University at Raleigh,http://i.forbesimg.com/media/lists/colleges/north-carolina-state-university-at-raleigh_50x50.jpg,Public,2013,6038,19493,242771900,550871379,161945436,19199688,398981785,1373795719,422283096,285293742,65928347,214777020,324829222,1313111427,34009,2106,6009
199847,Wake Forest University,http://i.forbesimg.com/media/lists/colleges/wake-forest-university_50x50.jpg,Private,2013,44200,44200,210881000,186463000,127526000,99214000,578671600,1202844000,193561000,168844000,13899701,664678000,91641000,1132623701,7602,1664,4663
201645,Case Western Reserve University,http://i.forbesimg.com/media/lists/colleges/case-western-reserve-university_50x50.jpg,Private,2013,41420,41420,209258273,343425905,157196326,136859653,110070257,956893254,287538421,374421812,15998800,138000169,66002967,881962169,10325,1464,2985
202523,Denison University,http://i.forbesimg.com/media/lists/colleges/denison-university_50x50.jpg,Private,2013,42990,42990,50373640,826496,13366551,74231441,26387213,165271321,40491566,734467,44206668,44021655,18306963,147761319,2274,252,426
203535,Kenyon College,http://i.forbesimg.com/media/lists/colleges/kenyon-college_50x50.jpg,Private,2013,43900,43900,45979054,864658,15699694,26568492,26075330,115275028,36097432,624210,15770345,43620104,20580202,116692293,1705,159,414
204024,Miami University-Oxford,http://i.forbesimg.com/media/lists/colleges/miami-university-oxford_50x50.jpg,Public,2013,11443,27233,268335589,69767883,33249089,27212214,158247039,556850490,177684799,17327402,25359890,124423657,134393867,479189615,17901,959,2170
204501,Oberlin College,http://i.forbesimg.com/media/lists/colleges/oberlin-college_50x50.jpg,Private,2013,46250,46250,80445902,2274668,38876069,82820331,37221249,241730719,80898962,1010209,17362770,60170147,28493414,187935502,2911,357,752
204796,Ohio State University-Main Campus,http://i.forbesimg.com/media/lists/colleges/ohio-state-university-main-campus_50x50.jpg,Public,2013,9168,24888,777726949,474925276,404601786,386760606,3314379428,5358428101,959312243,477068218,117262640,568094735,2720930318,4842668154,57466,4109,22640
204909,Ohio Wesleyan University,http://i.forbesimg.com/media/lists/colleges/ohio-wesleyan-university_50x50.jpg,Private,2013,40250,40250,27300630,2624145,21809484,16732951,19825391,88373101,24265761,264886,37970735,31969842,10287510,104758734,1830,161,276
206589,The College of Wooster,http://i.forbesimg.com/media/lists/colleges/the-college-of-wooster_50x50.jpg,Private,2013,41300,41300,36091054,865717,17629242,27579742,23958090,106206445,28012659,1115355,13486461,36892910,18049833,97557218,2116,190,447
209056,Lewis & Clark College,http://i.forbesimg.com/media/lists/colleges/lewis-clark-college_50x50.jpg,Private,2013,41568,41568,84560331,3057856,7482873,34695347,18750322,148629865,52273799,3780934,13533755,47687612,15797489,133073589,3521,307,445
209825,University of Portland,http://i.forbesimg.com/media/lists/colleges/university-of-portland_50x50.jpg,Private,2013,36700,36700,77473000,1140000,13721000,13866000,20814600,127088000,42363000,831000,9388321,35105000,26282000,113969321,4036,284,440
209922,Reed College,http://i.forbesimg.com/media/lists/colleges/reed-college_50x50.jpg,Private,2013,45750,45750,38335573,2358939,11630667,56387856,12849412,121653947,28952979,1198020,16487626,34459669,16231976,97330270,1411,156,307
210401,Willamette University,http://i.forbesimg.com/media/lists/colleges/willamette-university_50x50.jpg,Private,2013,41990,41990,61439000,1779000,10299000,19617000,18507020,111725000,41416000,2285000,5373827,40015000,13203000,102292827,2855,258,443
211273,Bryn Mawr College,http://i.forbesimg.com/media/lists/colleges/bryn-mawr-college_50x50.jpg,Private,2013,42870,42870,36427000,7997000,28553000,90930000,27696260,191689000,47780000,2027000,10166069,47631000,18368000,125972069,1738,195,447
211440,Carnegie Mellon University,http://i.forbesimg.com/media/lists/colleges/carnegie-mellon-university_50x50.jpg,Private,2013,46670,46670,395654224,224221963,161966380,132166829,296309549,1210412285,352105558,229854988,7246072,264853717,180918649,1034978984,12367,1404,3438
212009,Dickinson College,http://i.forbesimg.com/media/lists/colleges/dickinson-college_50x50.jpg,Private,2013,45644,45644,67187632,1535181,14788843,44211629,31766895,159581468,44617364,2973571,17045209,48364681,24957225,137958050,2396,245,610
212577,Franklin and Marshall College,http://i.forbesimg.com/media/lists/colleges/franklin-and-marshall-college_50x50.jpg,Private,2013,46185,46185,73629488,1725111,16127425,34058026,24212691,149845111,48969329,4201403,10029334,52281475,14906588,130388129,2297,211,443
212674,Gettysburg College,http://i.forbesimg.com/media/lists/colleges/gettysburg-college_50x50.jpg,Private,2013,45870,45870,76265809,948457,16356901,29270069,34301895,157234871,41698833,723409,10854252,55122064,20931747,129330305,2524,245,554
212911,Haverford College,http://i.forbesimg.com/media/lists/colleges/haverford-college_50x50.jpg,Private,2013,45018,45018,32314569,1732500,23292108,60927362,19540181,137896756,34679467,3675386,13290439,35436912,17145471,104227675,1187,150,412
213251,Juniata College,http://i.forbesimg.com/media/lists/colleges/juniata-college_50x50.jpg,Private,2013,36410,36410,27545441,595578,7770445,16968547,12125749,65078580,15789492,215103,6088118,23060758,13089780,58243251,1635,124,273
213385,Lafayette College,http://i.forbesimg.com/media/lists/colleges/lafayette-college_50x50.jpg,Private,2013,43580,43580,68226486,1778195,21746227,84328854,31353577,207520499,52222186,1790362,7618130,67360873,21918235,150909786,2486,242,541
213543,Lehigh University,http://i.forbesimg.com/media/lists/colleges/lehigh-university_50x50.jpg,Private,2013,43220,43220,165736000,39240000,56749000,125125000,60976560,447913000,131003000,37543000,9882974,120862000,52183000,351473974,7096,540,1190
214175,Muhlenberg College,http://i.forbesimg.com/media/lists/colleges/muhlenberg-college_50x50.jpg,Private,2013,42470,42470,62643324,578342,5396278,21506865,23720141,113929890,40553148,404452,17335578,30321704,17494726,106109608,2448,255,327
214777,Pennsylvania State University-Main Campus,http://i.forbesimg.com/media/lists/colleges/pennsylvania-state-university-main-campus_50x50.jpg,Public,2013,16090,28664,1466677000,860263000,338506000,262403000,2249833246,5177727000,1064937000,794780000,8413468,809226000,1667538000,4344894468,46615,3695,9360
215062,University of Pennsylvania,http://i.forbesimg.com/media/lists/colleges/university-of-pennsylvania_50x50.jpg,Private,2013,40594,40594,797144000,804524000,584506000,1061417000,3939108812,7186781000,1128393000,718140000,15215825,1024485000,3025413000,5911646825,24630,5188,10550
215293,University of Pittsburgh-Pittsburgh Campus,http://i.forbesimg.com/media/lists/colleges/university-of-pittsburgh-pittsburgh-campus_50x50.jpg,Public,2013,16240,26246,471386072,866231773,136506139,316381917,323650258,2114198645,484975849,670076769,43117433,443014333,182718914,1823903298,28649,5120,6484
216287,Swarthmore College,http://i.forbesimg.com/media/lists/colleges/swarthmore-college_50x50.jpg,Private,2013,44368,44368,40632000,1989000,44276000,179062000,25537264,291585000,47280000,3516000,13473212,53916000,23435000,141620212,1534,211,602
216524,Ursinus College,http://i.forbesimg.com/media/lists/colleges/ursinus-college_50x50.jpg,Private,2013,44350,44350,34962973,1065021,4075243,14323540,17650852,72166329,22525003,269313,6398332,26279450,10619240,66091338,1596,136,223
216597,Villanova University,http://i.forbesimg.com/media/lists/colleges/villanova-university_50x50.jpg,Private,2013,43840,43840,261515669,6566996,57565709,70018316,84627610,480381980,154834034,6429219,10300630,143532794,63146303,378242980,10696,805,1554
217156,Brown University,http://i.forbesimg.com/media/lists/colleges/brown-university_50x50.jpg,Private,2013,44608,44608,258106000,147643000,209345000,289377000,115312784,1019873000,271334000,116112000,27277030,243330000,93105000,751158030,8943,1222,2892
217402,Providence College,http://i.forbesimg.com/media/lists/colleges/providence-college_50x50.jpg,Private,2013,42385,42385,102865258,2284858,17451822,20494025,49922478,193103211,52744478,788229,24087011,58752850,43834916,180207484,4665,346,515
217882,Clemson University,http://i.forbesimg.com/media/lists/colleges/clemson-university_50x50.jpg,Public,2013,12230,29664,288778074,116849292,74985877,15817004,292114011,788586152,235756788,152846492,41304026,117170564,191442334,738520204,21303,1189,2852
218070,Furman University,http://i.forbesimg.com/media/lists/colleges/furman-university_50x50.jpg,Private,2013,42784,42784,67088471,3072592,21871231,62786042,37415729,192319633,56186982,2068535,15512462,56843085,22442096,153053160,2953,272,604
218539,Presbyterian College,http://i.forbesimg.com/media/lists/colleges/presbyterian-college_50x50.jpg,Private,2013,30990,30990,21907457,291865,3963075,10720386,11210796,48155559,14445124,0,11590565,19412134,6002075,51449898,1433,112,150
218663,University of South Carolina-Columbia,http://i.forbesimg.com/media/lists/colleges/university-of-south-carolina-columbia_50x50.jpg,Public,2013,10416,28128,323882506,136033177,81594259,5479354,343144346,890172186,322132532,134929215,20715260,192089452,215812902,885679361,31964,1948,4309
218973,Wofford College,http://i.forbesimg.com/media/lists/colleges/wofford-college_50x50.jpg,Private,2013,34305,34305,27229269,270497,8614505,17641127,17379886,71203894,17690583,0,11672743,27785370,11746736,68895432,1615,137,251
221351,Rhodes College,http://i.forbesimg.com/media/lists/colleges/rhodes-college_50x50.jpg,Private,2013,39484,39484,35869239,307680,13268899,33260317,16064057,98849160,29197817,0,7920885,31943025,12262445,81324172,2040,186,301
221519,Sewanee-The University of the South,http://i.forbesimg.com/media/lists/colleges/sewanee-the-university-of-the-south_50x50.jpg,Private,2013,34521,34521,37226386,342978,17090978,24619584,23583781,102932749,26493558,434180,13402177,38509177,14675481,93514573,1701,161,458
221999,Vanderbilt University,http://i.forbesimg.com/media/lists/colleges/vanderbilt-university_50x50.jpg,Private,2013,41928,41928,265961612,506655528,175597713,370052398,2576161292,3894512399,898305724,447251484,6190950,251019724,2072522774,3675290656,12757,3954,19241
223232,Baylor University,http://i.forbesimg.com/media/lists/colleges/baylor-university_50x50.jpg,Private,2013,32574,32574,298091000,28027000,24095000,126013000,227561852,703853000,219335000,15081000,37081588,221426000,44317000,537240588,15616,1025,1550
227757,Rice University,http://i.forbesimg.com/media/lists/colleges/rice-university_50x50.jpg,Private,2013,38260,38260,124868000,111007517,127195483,616348000,62873480,1042369000,266179220,94481081,56233078,147784197,53795218,618472794,6628,719,2124
228246,Southern Methodist University,http://i.forbesimg.com/media/lists/colleges/southern-methodist-university_50x50.jpg,Private,2013,38870,38870,248747000,24383000,111682000,102725000,75662260,563277000,157733000,21846000,22664070,191094000,78701000,472038070,10929,915,1538
228343,Southwestern University,http://i.forbesimg.com/media/lists/colleges/southwestern-university_50x50.jpg,Private,2013,35240,35240,23187815,700935,13491096,19578226,11936192,68964744,19691524,135027,23477733,31976243,7976241,83256768,1535,138,317
228723,Texas A & M University-College Station,http://i.forbesimg.com/media/lists/colleges/texas-a-m-university_50x50.jpg,Public,2013,5297,21917,423158370,516145957,266232398,97373102,1143498846,2446435887,625972839,576780904,64420484,333971438,553024943,2154170608,55697,2616,4794
228778,The University of Texas at Austin,http://i.forbesimg.com/media/lists/colleges/the-university-of-texas-at-austin_50x50.jpg,Public,2013,9798,33842,495148734,361156679,335126792,316374252,1291674063,2799524160,799100877,551666074,183471603,480383078,578763918,2593385550,52059,2846,10006
229267,Trinity University,http://i.forbesimg.com/media/lists/colleges/trinity-university_50x50.jpg,Private,2013,34152,34152,40641413,5961752,14698941,129640258,27246633,218257301,36371299,2075624,21271126,52964188,16759307,129441544,2358,258,502
230038,Brigham Young University-Provo,http://i.forbesimg.com/media/lists/colleges/brigham-young-university_50x50.jpg,Public,2013,4850,4850,181955299,23126327,76979151,178413378,833478195,1293962050,451441362,41164094,10073888,202224880,254765011,959669235,31123,1460,2982
230764,University of Utah,http://i.forbesimg.com/media/lists/colleges/university-of-utah_50x50.jpg,Public,2013,6511,22790,281981000,308927000,186164000,46628000,2598130699,3421860000,377317000,289710000,71673229,257658000,2250909000,3247267229,32077,4629,6808
230816,Bennington College,http://i.forbesimg.com/media/lists/colleges/bennington-college_50x50.jpg,Private,2013,44490,44490,23910631,338404,7937987,4072864,525023,36873889,14693586,0,8240045,17339017,2469086,42741734,738,79,207
230959,Middlebury College,http://i.forbesimg.com/media/lists/colleges/middlebury-college_50x50.jpg,Private,2013,44919,44919,142161468,5289125,58143448,142896435,13927665,362507979,77947295,9325714,4559656,117912518,44216452,253961635,2495,315,756
231059,Saint Michael's College,http://i.forbesimg.com/media/lists/colleges/saint-michaels-college_50x50.jpg,Private,2013,38690,38690,53726234,2549185,3794004,10595952,16357549,87100304,24825347,1458207,8888075,30520569,21228626,86920824,2378,150,285
231174,University of Vermont,http://i.forbesimg.com/media/lists/colleges/university-of-vermont_50x50.jpg,Public,2013,13728,34656,266519000,50622000,77110000,47317000,220104616,661721000,194667000,98348000,26215479,152456000,181144000,652830479,12723,1394,2210
231624,College of William and Mary,http://i.forbesimg.com/media/lists/colleges/college-of-william-and-mary_50x50.jpg,Public,2013,9232,32816,138577693,63675447,37495302,8752530,141795442,390338462,109434451,56732376,46593469,83444959,94392452,390597707,8376,730,1599
232256,Hampden-Sydney College,http://i.forbesimg.com/media/lists/colleges/hampden-sydney-college_50x50.jpg,Private,2013,36224,36224,16701301,3114246,8962688,14582799,15247628,58681110,13525923,44828,6007755,22014271,9653414,51246191,1070,110,247
232423,James Madison University,http://i.forbesimg.com/media/lists/colleges/james-madison-university_50x50.jpg,Public,2013,5104,19026,169763877,89114486,5553476,1683369,246404227,512543565,159956002,7724762,14712181,98410110,161797738,442600793,20181,1103,1894
233374,University of Richmond,http://i.forbesimg.com/media/lists/colleges/university-of-richmond_50x50.jpg,Private,2013,45320,45320,97913000,3035000,23812000,392668000,45665360,563184000,76875000,6507000,3819338,102094000,59978000,249273338,4140,476,1170
233921,Virginia Polytechnic Institute and State University,http://i.forbesimg.com/media/lists/colleges/virginia-polytechnic-institute-and-state-university_50x50.jpg,Public,2013,9617,24769,360814170,248987478,201429171,6494819,503373830,1321133854,331154783,352857722,26889605,155805302,322880005,1189587417,31205,2878,4528
234076,University of Virginia-Main Campus,http://i.forbesimg.com/media/lists/colleges/university-of-virginia-main-campus_50x50.jpg,Public,2013,10016,36720,421235215,150384252,233270063,558746152,1644136759,3007819177,397307587,356575371,54003446,300310074,1352224868,2460421346,23464,2326,5936
234085,Virginia Military Institute,http://i.forbesimg.com/media/lists/colleges/virginia-military-institute_50x50.jpg,Public,2013,7080,28068,23561475,13245544,27620886,1583789,20251499,86298341,23788903,366036,14674797,25014105,30051486,93895327,1675,133,436
234207,Washington and Lee University,http://i.forbesimg.com/media/lists/colleges/washington-and-lee-university_50x50.jpg,Private,2013,43570,43570,59419000,294000,55014000,106997000,19668860,241480000,64820000,2428000,7683290,48771000,20051000,143753290,2277,281,597
236328,University of Puget Sound,http://i.forbesimg.com/media/lists/colleges/university-of-puget-sound_50x50.jpg,Private,2013,41640,41640,66813000,1960000,13728000,38081000,23283720,143949000,47266000,876000,9275340,41173000,19600000,118190340,2812,255,412
236948,University of Washington-Seattle Campus,http://i.forbesimg.com/media/lists/colleges/university-of-washington-seattle-campus_50x50.jpg,Public,2013,11305,30879,808052531,263819952,287583600,341240917,2920834087,4621573271,1117937474,873863845,151870578,599785289,1465645976,4209103162,43762,6611,10206
237057,Whitman College,http://i.forbesimg.com/media/lists/colleges/whitman-college_50x50.jpg,Private,2013,43150,43150,40593332,849633,14383938,59220237,13995151,129128591,27045667,725289,15408569,31438206,13295740,87913471,1541,202,289
238333,Beloit College,http://i.forbesimg.com/media/lists/colleges/beloit-college_50x50.jpg,Private,2013,40970,40970,22936328,1414369,5503016,19654518,10411206,60001377,17303012,33791,6179913,22031597,8204647,53752960,1306,118,245
239017,Lawrence University,http://i.forbesimg.com/media/lists/colleges/lawrence-university_50x50.jpg,Private,2013,40926,40926,32394141,560180,15871152,23106223,10241120,82254668,24176751,660707,6702230,25760330,7727111,65027129,1553,175,279
240444,University of Wisconsin-Madison,http://i.forbesimg.com/media/lists/colleges/university-of-wisconsin-madison_50x50.jpg,Public,2013,9273,25523,409279803,419107418,611074856,35014972,1220483778,2694995623,537825976,930177277,61308631,372703320,507918714,2409933918,42677,4754,9559
240727,University of Wyoming,http://i.forbesimg.com/media/lists/colleges/university-of-wyoming_50x50.jpg,Public,2013,2592,10368,49963171,243520401,52444223,19825904,229516352,595283011,157077408,85674387,35917538,99678396,103873561,482221290,12778,1063,1829
243744,Stanford University,http://i.forbesimg.com/media/lists/colleges/stanford-university_50x50.jpg,Private,2013,42690,42690,366557000,1054008000,873725000,2509382000,1231847620,6035605000,1355639000,1030328000,128672362,693881000,765544000,3974064362,18346,4325,8233
243780,Purdue University-Main Campus,http://i.forbesimg.com/media/lists/colleges/purdue-university-main-campus_50x50.jpg,Public,2013,9208,28010,606587948,335267575,140185957,143238352,612361731,1837678781,615354693,274405097,74946123,314765199,373314806,1652785918,39794,2372,7396